"96","17","4","Chance sing mention any election nation compare area eat none sense speak miss yard","2016-11-12 22:18:38"
"69","68","5","Paper technology main instead authority top until phone pass","1971-02-20 13:02:04"
"33","6","4","Character could sea simply offer remember rate idea western partner strong","1989-06-14 03:08:52"
"33","41","3","Discuss present Mr nothing that information sometimes either discover send late store war","2018-10-30 08:38:47"
"57","13","4","Standard concern clearly style investment herself face mention four others evening","1984-05-31 14:05:30"
"31","97","5","Environment best our improve today yeah want change every pick stay clear what now","2005-06-10 18:39:07"
"24","56","0","Trip arrive soldier song thousand we sing","1970-04-17 11:34:06"
"25","29","2","Would about believe save same sea peace result article interest effect thing offer son","1978-02-19 07:55:10"
"88","48","4","Explain teach allow management positive night bill find student interesting","2019-05-15 14:34:59"
"67","50","0","Term free himself fish bad would technology among her way development","1984-10-09 10:19:13"
"64","51","4","Summer society indicate require property her everything sure hundred turn cause bar industry","2013-02-02 09:57:18"
"86","78","0","Knowledge region sister might represent once pay buy book","1989-02-23 02:52:19"
"69","40","0","Almost theory live report ten machine important technology pass region drug morning kind keep church","1978-03-13 20:17:46"
"2","20","1","Child hear wonder sport director scientist just news chair these food course second air entire","1999-12-14 13:19:57"
"76","63","1","Catch make operation approach set let language close way concern young especially behind low","1975-09-24 21:58:33"
"90","59","3","Message rock dark employee nature forget paper manage spend maybe own face attack","2003-10-13 02:40:03"
"1","97","3","Defense firm occur friend call partner person upon subject toward leg animal physical tax might","1997-06-27 07:33:34"
"83","27","1","Car than season western prove detail project Democrat","1985-04-13 05:58:58"
"66","63","0","Phone case interesting whom white security also firm","2002-12-11 07:47:44"
"2","57","5","Believe born speak wind customer condition dinner realize us policy sport","1983-10-12 01:08:20"
"2","84","0","Trial hair respond imagine have movie past including final imagine alone yard either far administration","1981-11-25 13:26:52"
"31","40","3","Like not throughout rest plan perform learn author","1997-08-06 18:48:48"
"7","25","3","Environment but drop process why evidence research front meeting","2007-03-14 18:07:14"
"24","57","1","Happen recognize avoid economic so thus side environment little","2014-11-11 12:40:54"
"74","84","2","Nor indicate commercial work live camera kind run stuff something back answer everyone price back","1992-02-05 08:01:00"
"96","63","3","Player on can computer something travel voice remember leave ten music herself moment","2004-09-07 00:39:32"
"15","71","0","Allow concern any PM others prevent truth argue author","1990-12-06 00:27:11"
"76","2","1","Series car military major town certainly they build whom race Republican social control deep everything deal","2016-05-27 01:23:55"
"8","49","5","Compare soon throughout help figure seem American occur environment film method","2002-12-17 16:39:11"
"33","13","5","Behavior job half rather but toward energy yeah wide","1998-03-25 21:53:46"
"75","6","1","Them along sometimes treat try become sound matter remain","1995-06-07 18:11:33"
"5","63","2","Actually person loss doctor form let article gun","1994-01-19 15:19:09"
"37","45","3","Also high usually move yard employee artist operation keep current not standard possible","2014-04-09 10:04:18"
"25","58","0","Improve difficult type day pay forward pay admit space read","2006-08-17 12:53:21"
"96","34","2","Me whether customer return close discuss similar send well later statement","1975-02-12 20:16:50"
"90","59","2","Me ask offer look set despite yes animal including understand study teach peace worry rate child","1973-11-28 06:57:24"
"40","20","1","Figure office happy small administration any himself plant thus","1986-12-03 14:01:25"
"90","72","0","Strong continue culture surface important challenge sport during dinner movement value meet miss unit eat call","1996-03-05 14:52:01"
"21","55","1","Summer contain teach owner least again case walk","2019-03-07 21:07:56"
"59","41","4","Student father ability life ground your sure production husband","1984-10-21 19:50:50"
"47","85","1","Wrong investment full this sense close any stay future blue anything if marriage local floor","1979-11-28 11:39:17"
"65","79","4","Morning cost part change court executive product money budget sign gun lay risk serious cold face","2016-02-24 04:12:25"
"11","85","5","Particularly way able daughter really wrong probably particular nation she fly","1982-11-13 16:42:25"
"73","65","4","But reveal exactly cold side learn return accept identify","2000-10-17 18:24:26"
"74","20","0","Yourself child air space job real together allow dark agency low hit","2004-07-22 06:14:55"
"1","56","0","Process about exactly east situation magazine for boy certainly must free role magazine crime","1973-01-25 08:24:02"
"5","84","0","Quality look law cost cost across question interview car attorney","2015-06-25 02:30:50"
"32","18","1","First amount outside important partner model age throw serious look else","2001-09-20 18:36:57"
"43","8","2","Economic role case spring step own discussion week","2018-02-20 00:25:03"
"54","81","1","Morning up about out outside kitchen act the surface wide","2002-01-06 14:57:26"
"26","63","1","Team appear color oil outside seem as order development collection especially","1971-01-20 00:43:51"
"97","25","0","Treatment million performance theory able yes significant determine husband score American","1993-05-08 06:53:16"
"96","77","4","Significant serious soldier serious bag daughter onto loss song Mr will plant a president","2016-11-02 14:43:32"
"37","84","1","Want simple short throughout pattern total party provide beautiful alone wife treatment threat region who conference","2016-04-20 05:51:17"
"27","2","2","Throughout business back another war win plant through player whether player look","1975-10-21 13:24:57"
"6","97","0","Behavior yard deep hope various industry partner Mr read anything book particular authority but","1977-06-03 23:20:06"
"76","10","1","Culture morning improve grow themselves rich alone adult ground professional","1988-03-27 12:12:32"
"68","50","4","Future measure street north same dream popular space economy price believe course","1975-04-30 04:25:07"
"94","69","4","Suffer two wrong city among choice ahead force it today stock make","2013-06-22 04:23:44"
"48","68","3","World get because away top main somebody build total office difference","1979-02-08 07:53:22"
"60","41","1","Trade four generation kid so be line","2019-10-06 12:29:02"
"90","57","3","You movie series rate upon fight son have everybody","1977-06-08 05:40:55"
"0","56","5","Involve result arm establish month page maybe simply surface","1998-01-26 20:47:54"
"65","29","1","Administration main character group age ago owner thought","1985-11-22 06:32:01"
"89","48","4","None question international chance upon represent prepare per herself standard","1979-02-12 20:11:51"
"69","59","4","Mind attorney go trial coach choose drive choice modern tax north admit boy without","2021-08-09 00:05:11"
"38","42","1","Admit war water have worker fish marriage building","1995-04-18 05:09:48"
"62","13","5","Read police protect your voice lay degree board result image go might me","1982-03-21 04:29:28"
"24","66","4","Since individual enjoy still however science end result best resource strategy woman camera couple kind","1990-02-17 05:31:49"
"85","20","2","Debate specific yeah program us sing but huge experience challenge number board","1999-02-19 04:47:48"
"49","4","2","Scene site clear bring nor best poor direction tonight measure","2005-05-28 10:28:03"
"33","45","1","Follow skin blood apply when beat house world woman knowledge believe","1976-08-25 06:59:51"
"86","81","1","Money school up loss view before baby week save old","1996-12-15 19:37:59"
"3","68","3","For increase give assume herself respond because happen film may guess benefit just","1972-05-28 23:52:52"
"6","12","4","Care start street yeah air article medical they soldier land phone nor trouble administration sport audience","1972-12-06 04:02:51"
"39","80","1","Talk type executive structure shoulder if give total field way should","1980-11-28 22:44:39"
"66","85","1","Participant second practice discover subject address it these travel past cut","1987-09-01 10:02:24"
"91","35","1","Reality war TV stage pattern story necessary throughout make","2017-09-26 22:02:01"
"4","34","4","Program person sometimes name loss type nature very note share return","2020-04-17 04:17:57"
"8","55","0","And card political source seem treat own on trouble section door attention speak off","2004-11-07 20:46:50"
"14","61","4","Book budget place word effort play determine","1998-04-24 22:12:20"
"82","36","0","Though consumer TV mind ready long develop thought process president story force","2013-05-09 04:47:31"
"78","10","2","Talk possible price affect energy charge fast allow performance wind allow low should","1980-09-30 17:56:41"
"79","70","0","Tough rule him bag fund single music cell","1974-10-31 20:44:14"
"55","29","5","Environmental smile car gas help we half local add manager","1990-03-14 02:47:08"
"54","40","5","Pay black herself with offer couple amount rise above though miss technology team bed","1988-10-10 20:28:18"
"33","34","1","Second entire turn author all sea wife employee five head eight cultural","1994-11-05 16:38:52"
"99","83","4","Represent coach land board increase analysis their fear if point wife","1979-06-06 15:27:32"
"35","23","3","Full entire boy professional laugh get church war keep personal protect eight necessary","1970-03-05 14:45:24"
"19","4","3","Number large brother receive item yes door plan","2002-02-17 04:38:17"
"36","3","3","Notice do than building compare agency issue","1984-02-25 20:08:23"
"72","80","2","Figure born really hot west available national democratic democratic crime policy","2004-11-01 11:11:10"
"30","2","3","Table common name yeah as there nor opportunity when fly","2022-06-26 17:32:52"
"71","78","1","Music successful voice half challenge nation discuss office position field","1996-06-28 03:26:44"
"33","63","1","Modern help probably spring yes part add rule tell cover performance","2006-01-17 18:51:44"
"45","23","1","Century read school break your yeah good return method argue significant force sea current team control","2019-08-24 21:37:11"
"48","23","1","Movie value question ball rest data unit baby medical share address strategy","2019-09-16 16:44:10"
"80","63","0","Senior product year lose right at attack course economy administration modern","2018-09-01 07:50:43"
"20","36","5","Bill tax full behavior two management think ready question newspaper behavior senior whom","1998-12-12 15:34:20"
"39","57","5","Common site recently today person according else our already subject party give","1981-09-15 02:20:18"
"81","21","2","Kid training choose increase help score could message base","1991-03-18 17:39:59"
"70","66","2","Spring beautiful off friend born each create me magazine task country than shoulder center prove street","1990-05-07 10:36:42"
"36","80","5","Along attention staff sort finally stock discussion her base avoid imagine my","1998-07-01 13:00:46"
"21","40","4","Operation risk raise cultural seat be news","2008-01-10 04:45:01"
"54","48","1","Community while decision number base out best hair fall clear continue film second big rate fill","2018-03-05 18:00:28"
"42","81","1","Magazine professor not movement put which sister beyond establish agent attack","1988-06-13 15:39:31"
"99","53","2","Condition black deep take but knowledge me relationship gas","1974-10-03 17:50:32"
"75","56","0","Course change evening vote push by wish entire Republican allow dream toward senior","1980-01-05 12:22:52"
"53","78","1","Big certain discuss six effect box Mrs each between result final get","2013-10-11 07:49:51"
"14","33","2","Step agent inside positive even easy another act","2000-01-25 23:01:44"
"95","79","3","National people much fire network forget father property five","1990-10-20 15:15:52"
"46","59","3","Law edge strong quickly law local experience fast despite leave best allow court","2022-06-19 20:08:39"
"1","12","4","Former control book change performance far help seem heavy will morning","1979-05-07 07:37:11"
"66","20","3","Send factor top state magazine appear role because","2001-05-12 18:39:06"
"40","25","1","Listen true page ground Republican traditional house explain","2022-04-19 07:50:34"
"15","72","1","Election this store financial staff be daughter owner","2013-06-21 09:16:17"
"11","13","5","Another already exactly education recognize bring you police organization speech","1977-07-09 13:38:06"
"14","97","5","Return religious once situation focus record fish once grow lot","2010-05-27 00:41:18"
"73","48","4","Government student low where tax rich image control radio card heavy low fast apply","2016-08-29 06:14:18"
"16","66","4","So market wonder get change include including those herself study hit power future single","2000-02-12 13:02:33"
"71","27","2","Go seven around attack they high husband year discuss hard at per","1976-02-21 03:40:43"
"24","97","3","Ready direction watch policy current central government magazine interest all already explain success candidate seat theory","2012-10-07 16:08:16"
"19","81","5","Perform night leader create technology business eat who be just truth dream go","2003-07-23 09:42:50"
"32","42","3","Fear page simply current factor economy after institution change author lose worker learn say itself wish","1979-09-26 06:03:34"
"47","17","5","Project prepare show summer beautiful every themselves here","1989-03-16 07:45:20"
"25","77","4","Certainly kind at poor high month and fund city buy they more sport the worker","2015-05-26 03:39:43"
"72","94","5","Interesting accept national lay nature condition bar near one own","1972-02-26 07:20:59"
"78","21","3","Congress which sell mind point beyond kind memory board positive both","1971-11-11 22:27:24"
"17","59","0","Chance century decide child art increase per and war material gas same pick road","2002-09-25 10:38:51"
"86","35","4","Perhaps career end will catch drug dream accept","2003-07-25 02:15:59"
"15","29","4","Such process story not nearly subject condition deep left agree at hour body sometimes great action","1985-10-25 10:51:59"
"21","12","4","Performance then feeling low community season benefit sign focus perhaps risk think bed science amount","1973-10-20 07:25:57"
"31","80","4","Shake their pull people let many spring whom material room hear","2005-09-11 07:59:48"
"75","81","3","Ready sit something fight certainly sing family bank authority including","2022-09-02 00:22:13"
"50","83","1","Gun drive receive itself benefit trouble step lot the system","1986-11-12 18:36:54"
"15","3","3","Build out sort just remain service control two mention health tough market call anyone","2016-01-12 23:41:48"
"94","80","5","Might ten anything reason bank various agree form TV relate fine former","2004-08-12 20:33:16"
"73","55","3","Themselves letter share data wall forward production point seek democratic go Mrs PM research drug","2012-10-14 10:44:33"
"20","40","5","Low house special policy three international agent national see process read phone mind while trip","1995-09-15 03:23:49"
"63","58","1","Prevent social ten race if prove real","1992-01-03 22:35:48"
"31","63","3","Join meet require value total top after","2003-04-22 19:11:26"
"58","10","0","Really nice line certain wall open range third by","2008-12-20 17:51:01"
"10","41","5","Choice keep himself ball road sometimes us section happy affect lose owner","2013-03-14 13:06:52"
"4","48","3","Piece population drop social need make should voice structure land","2009-11-18 03:30:12"
"79","80","3","Heart have fact part teach class civil expect","1983-03-18 02:18:07"
"92","59","3","Program leave once want recent where beyond parent day she exactly hold","1982-07-17 19:31:32"
"67","57","1","Win learn process question base market reason research personal accept interesting","1983-04-20 02:00:38"
"30","80","2","Feel reveal including down call dog may ability order dark authority relate","1976-03-10 08:11:04"
"81","69","0","Form in north size attack both later simple impact manager clear","1984-11-02 22:59:04"
"50","64","0","Main speak too if she body three line evening else community media consumer fine","1979-10-12 22:09:45"
"90","12","3","Various whose current center accept start heart so poor happy","2006-10-21 08:28:13"
"33","33","3","Only issue black without they return government maybe move","1977-05-25 00:15:11"
"4","89","3","Would data himself just authority measure century report travel","2000-05-21 09:53:13"
"12","87","1","Bad win opportunity difference camera but possible begin executive analysis what prepare great dream","1977-02-05 19:46:27"
"29","57","5","Season instead matter avoid wind pass expect since move person world fly","2000-11-06 12:30:42"
"71","84","0","Tree own less large politics concern probably","1995-01-31 07:56:50"
"42","94","5","Prepare expect catch doctor per every buy me loss despite help stand scientist hour","2012-12-16 23:58:20"
"1","40","2","Big kitchen continue yard pick source determine continue poor voice describe piece adult fine last most","1971-05-19 06:29:44"
"71","29","5","Fire develop no toward he range new early","2022-04-16 15:06:08"
"21","83","2","His early open daughter debate kitchen possible development price","2000-04-07 05:49:52"
"39","12","1","Such prove fly wonder mother mouth win","1985-05-09 06:13:13"
"9","36","4","Participant study rule commercial spend attorney save office thought recognize myself special different read gun all","2004-06-16 00:23:32"
"94","18","0","Four of stuff safe election language look adult win responsibility","1987-04-21 02:20:29"
"48","83","5","Window bill behind tell understand light draw land and new","2000-03-03 03:11:31"
"57","89","4","Surface past senior page worker wish person your discuss list suffer structure any feeling TV finish","1992-12-19 14:33:42"
"58","91","2","Result they training traditional cover close lawyer again vote character wonder simple fall","2005-03-07 11:08:26"
"98","64","2","Money fly their century discuss father something from north dark","1980-06-25 21:54:28"
"0","59","3","Support practice myself choice memory list him consumer start four oil","1982-06-26 11:38:20"
"26","20","4","Scene question true two attention half ok name police her nor dinner that notice measure chair","1986-09-11 19:10:16"
"47","65","1","Chance new because grow over foreign history south skill agree late","2017-09-28 14:25:56"
"72","4","0","Value debate real seven off animal receive dream Congress right country get","1990-07-16 08:07:00"
"14","49","1","Itself wind when safe baby four parent technology appear part statement trade","1971-10-11 12:05:23"
"29","23","3","Skill yes feel site ever exactly there significant air likely goal off worry paper key","1975-11-16 10:40:40"
"58","65","0","Let always doctor mother fly age commercial player human right play keep news none","1986-06-13 13:54:52"
"68","41","3","Black account college total father nearly reality gun candidate he own design environmental past expect citizen","1971-03-18 03:05:14"
"16","87","4","Seem wish former top ever hard product sometimes media","2013-09-10 21:09:16"
"69","85","1","Class population without travel bag outside section such lose out protect remember","1976-11-01 14:02:19"
"32","21","0","Attention training reflect room tonight design campaign help glass political better eight including here","2015-08-07 01:21:06"
"23","69","1","Find and hard heart popular eye enough four seven much","2018-08-05 10:59:54"
"57","79","3","Want how room marriage arrive relate little executive professor wait","1993-01-13 02:45:40"
"45","49","1","Party right central far its interview development world agreement hospital green public meet","2002-11-25 09:23:55"
"81","50","3","North game door bag position she second speak need happen","2017-01-07 20:23:31"
"36","33","2","Station protect sell sea church base mother step half space major majority learn population again","1997-02-01 23:04:21"
"36","27","4","Last green hold expert half price mother at amount seven agent individual choice age","1970-01-15 23:22:37"
"95","55","0","Quality test police per appear wish nation report vote reduce admit half","2003-07-22 07:04:17"
"24","42","1","Well apply program full range sing so become third shoulder child deep","1975-03-10 15:42:02"
"94","29","0","Far try safe standard successful save present along seem send today","2018-05-11 02:45:16"
"68","65","0","Concern magazine forget suggest speak rather continue","2013-10-18 06:29:20"
"2","45","3","Last charge wonder especially raise suffer president simple scene call race grow","2008-05-05 01:21:49"
"31","81","1","Current whose be main raise conference agency age spring consumer concern from down eight foreign","1983-04-22 01:05:13"
"57","3","1","Guy from more happen lot report game exactly fall sport result like because rate name","2015-03-21 02:47:07"
"21","55","3","Single raise last door event worry pull time","2018-09-27 21:34:21"
"17","40","3","Source despite quite example where house already want reality his financial allow","1978-06-29 17:18:12"
"46","28","4","Responsibility front few easy development whom go","2021-12-20 15:51:17"
"50","48","5","Fall federal garden specific day over speech growth visit data similar recent item","2001-01-15 14:35:36"
"86","94","1","Feeling sport paper four though forward close occur keep do per reveal only","1991-10-22 12:45:13"
"37","80","1","Whom general look pattern nor whatever green","1993-12-20 15:25:01"
"73","70","4","Mean enjoy yes east him live tax push","2015-05-29 06:47:32"
"29","8","2","Theory we range trouble own because discover fact","2013-12-03 22:40:38"
"32","34","4","Sure dark mother until late major scientist tell last","2009-02-23 03:22:45"
"66","23","3","Nation few information law view ever wonder cost morning gun mention your reach your manager","1970-09-28 21:02:18"
"21","70","4","They future authority task with rather evening customer quality leader","1983-02-09 02:42:22"
"11","48","1","Blood quality bring player local recognize heart few deal member discover","1986-11-02 05:10:52"
"5","91","2","Benefit receive economy throughout camera will exist up method white cultural expert line","1974-12-14 19:43:21"
"64","34","1","Positive hard ball very half health role church force item security responsibility cover","1979-03-21 15:33:46"
"94","85","2","Feeling leave into work oil national idea line seek those certainly action evening fund many","1995-02-10 14:51:44"
"83","55","5","Black national bill produce wish operation staff organization direction","2015-02-18 00:35:31"
"81","94","1","Rock certainly great appear day really attack imagine put area moment huge chance present local gun","1997-04-06 21:14:59"
"33","36","0","Tend stuff age people raise might small risk color push medical somebody late","2005-12-08 18:56:54"
"77","29","3","Sport share sing property low wear language child improve it bank speech politics stay campaign","1997-06-05 10:03:45"
"41","85","5","Gas black protect according happen leave work worker want approach move positive","2017-04-12 19:01:49"
"79","41","5","Today direction be leave consumer decide look mother key stuff recently small some until including","1988-06-07 07:16:24"
"86","66","4","Employee pattern determine sell total into relate medical despite account hold","2008-05-22 01:37:51"
"27","87","4","Peace threat shake level body chair less my talk whatever nothing right tend foot beyond","2011-04-27 22:07:36"
"42","21","0","Pressure baby society office successful top four method produce war the new add","1970-04-01 08:21:28"
"19","27","1","Standard available make nor campaign large cause rather show market order officer piece recognize including phone","1972-05-23 14:43:14"
"86","80","0","Three reason risk your plan window culture hotel now many leave foreign","2000-03-15 08:26:51"
"41","51","5","What above until too benefit century must","1973-12-29 06:43:25"
"89","79","5","Bit act others chance PM type city stay hope six dinner present opportunity memory see","1987-02-22 06:15:42"
"6","70","1","During bill view plant blue better forward around TV us model maybe speech century","1984-03-15 00:02:30"
"33","13","1","Represent also husband check agency and join character edge court one capital","1997-04-06 01:24:44"
"36","80","3","Listen able take change ok new just wall","1971-05-30 08:35:30"
"31","29","3","Read per without bed safe hand strong news support","2008-07-10 06:08:04"
"10","28","4","Will general form social weight fast identify foreign his body particular party eat city example receive","1982-02-16 03:05:20"
"29","94","3","Result purpose important development those mission effect","1994-05-08 22:04:48"
"50","68","2","Quality dog single arrive too cup customer action much half interesting mean party loss large feel","1976-07-12 06:38:21"
"51","3","3","My him onto example bit old let information","2003-05-31 08:36:53"
"47","45","5","Piece simply campaign life technology community budget sit","2016-12-11 05:45:22"
"77","50","5","Under meet whom hospital design down certain month future successful city oil low direction and economy","2011-09-15 17:39:19"
"97","23","2","Evidence forward lawyer especially staff get population let seven","1986-06-29 16:49:47"
"52","21","1","Certain in know also activity true avoid drive understand indicate project goal career fight turn","1996-08-10 02:27:28"
"15","33","4","Debate news either nation meeting stage game sell lead","2010-01-21 16:01:04"
"21","89","1","Produce energy end million wait country fish bring","2018-08-26 07:48:43"
"0","23","2","Face mind manager especially detail pay course central always lose","2000-11-07 02:39:42"
"6","53","0","Son century appear various strategy reality arm full","2009-06-21 21:18:39"
"42","65","1","Thousand fast training again usually fire offer blue speak world expert end do research manage","1988-03-26 09:49:33"
"59","45","1","Top bar here huge kind enjoy industry house","2015-03-08 04:49:44"
"36","34","1","Billion food adult behind social because material music husband","1991-04-03 03:23:53"
"76","48","1","Off region raise late trouble candidate because term follow song response","1985-12-04 08:03:41"
"90","69","5","Significant space government effect president event heavy choice why fine court area price result through business","1974-07-31 08:46:00"
"21","94","3","No shake they carry through coach side ten","1972-06-19 10:28:58"
"98","23","3","Final poor fine we simple happen weight paper","1993-10-04 09:28:33"
"93","82","1","Mouth since get west provide daughter after around inside century about window major people","1991-09-03 02:03:33"
"69","66","3","Your moment last teacher half investment yard behavior","2018-06-16 09:53:21"
"89","91","1","Week break own couple agency include group eight level","1975-01-05 13:09:35"
"3","6","0","Threat company can Republican develop idea south debate here wrong","1988-08-20 00:44:55"
"28","4","4","Time into discuss season knowledge hold again plant couple","1997-03-01 11:10:52"
"47","41","3","Mission professor close line be consider window model plant your scientist mission far almost","2007-03-19 18:25:56"
"28","89","4","Buy may affect force her white type risk couple rich reduce but team true which rate","1971-07-28 07:28:52"
"72","13","5","Glass everybody already decade list gun program evidence car scientist remember assume deep","1983-07-18 10:17:48"
"38","61","1","Live early wear majority lot production look worry case six","1986-08-08 04:59:04"
"93","12","1","Type condition present despite eight light both analysis account","1985-09-27 16:51:54"
"34","53","0","Allow stand knowledge growth find war space power bank information seem subject nothing special player pay","1977-09-15 18:26:13"
"81","83","5","Team machine deal not campaign local identify meet across view score prove body ten development read","1980-10-26 02:44:12"
"97","36","5","Conference across contain standard rather focus southern kind they particular","1994-01-09 11:54:26"
"32","41","2","Model strong loss contain discover free least test data view side affect operation cup","1989-03-30 04:40:08"
"58","41","5","Idea pay sure paper up hope action happy only little through eye hundred military sing","2019-12-25 13:25:35"
"75","77","5","Father answer make provide break we all avoid carry director wait sense exactly","1995-03-28 04:47:43"
"74","71","5","Through red notice though line price miss participant interview minute their system something would","2017-02-13 08:34:03"
"60","49","0","Group history car over baby pull different world inside military including act nothing","2001-01-01 06:22:38"
"61","3","5","Star building law end step people soldier even if","1977-04-14 14:58:29"
"0","82","5","Artist yet worry chair western or modern wife national","1987-04-14 14:07:42"
"25","42","0","Low join avoid serious such police at again though another industry deep choose most","1987-08-05 12:54:04"
"81","8","5","Current threat reflect order serve long contain occur kid moment then modern several","2020-02-15 11:24:37"
"69","61","2","Daughter explain day skill scene expert church up husband difference concern financial","1981-06-03 17:14:06"
"1","68","2","Debate ability continue shake smile near model now low","2005-10-16 02:26:34"
"86","68","2","Explain across front yet wear report these","1971-08-25 18:57:58"
"94","12","1","Produce hundred marriage administration travel best month too Congress","1995-03-18 07:00:22"
"42","66","0","Such standard stage among response recently shoulder interview within certainly concern per","1975-06-04 01:00:36"
"15","30","4","Practice begin meeting speak data at degree hold middle risk nothing than manager","2008-05-12 10:05:33"
"36","8","1","Region imagine owner north production ten save put effect","2006-10-18 14:54:31"
"60","83","3","Lawyer per owner long remain create none left wide too","1982-02-06 08:46:15"
"36","65","5","Window within industry than exactly often ok","2019-07-25 05:21:02"
"40","89","0","Much information lose talk alone yet skill environmental impact office cold station image situation everyone","1986-09-13 07:27:49"
"52","41","3","Firm suddenly low pass social and lay wish mouth smile Congress medical involve","1988-01-17 01:26:01"
"26","71","4","Price high whole get want soon product interest city here stage too through yes but","2022-05-18 04:33:36"
"76","30","5","Must necessary across give push rather offer address side case camera","1989-01-18 10:36:11"
"51","12","0","Themselves turn pass change brother soldier long hear a organization","1993-03-06 22:48:00"
"18","49","5","Any not politics agent room quickly generation rock step interview past live we since key step","2015-05-01 10:20:43"
"66","36","0","Scientist money eye thing both face new glass","1972-02-29 18:23:53"
"82","82","4","Ahead forward strong idea choice generation religious around","2002-12-08 08:29:41"
"3","13","1","We paper individual science wrong effort our phone","1991-07-05 11:06:29"
"32","68","0","Design last recognize floor green whatever increase little out analysis into throw believe","1995-05-10 06:08:59"
"49","34","1","Contain exist hospital low expert politics sister board last style performance sense country next interest maybe","1979-11-28 14:40:09"
"77","34","3","Base style pull you major possible fish foreign seat break part range since single sister","1984-01-08 07:24:14"
"66","51","0","Attention popular price area role already off police","1999-12-24 05:56:50"
"21","35","3","Treat old police glass author sense ahead doctor everybody either star billion","2019-03-21 11:56:43"
"72","77","0","Leg quickly fear set make guy age choose expect off somebody best","2017-08-19 19:50:10"
"68","20","5","Face such family candidate act break point none state skin note democratic lose","1991-11-28 09:52:14"
"53","51","2","Herself look represent safe garden evening reflect strategy tax sing step work color line the","1984-08-13 11:27:09"
"63","41","5","Worker heart artist for collection politics end man most work likely place hospital wife finally cost","1996-06-14 01:06:52"
"42","71","2","Control without certain top point cover positive difficult teacher guy morning wait","2000-01-02 19:17:51"
"56","89","2","Somebody laugh gun well make carry outside manage painting green nature reason smile artist majority","2003-08-13 14:21:11"
"81","10","5","Season computer peace own adult arrive example total doctor mind back population for account high","2012-12-31 04:35:01"
"96","25","2","Also debate thus beyond best get call street ago","2016-06-04 03:21:43"
"64","20","1","Word bank blue course thousand strategy kitchen sort black","2002-08-23 20:58:13"
"14","56","1","Kind and according policy challenge company heavy marriage American data color item","1992-12-05 05:09:26"
"19","64","4","Expert recent alone several class fund animal","1977-07-03 12:08:54"
"33","85","3","Mr choice determine somebody both direction work information fall kid certainly authority ask bill front tax","1986-05-01 01:43:11"
"83","57","2","Nice likely too away alone follow to piece sing sea option long","1976-01-31 03:36:24"
"86","91","5","Activity so such democratic seat there yeah simple subject threat serve heavy report husband quickly","1996-10-05 06:24:14"
"52","23","1","Training difficult better join quality three many score bit news by tree cost important return","1983-03-18 09:45:21"
"40","18","4","Hard moment water kitchen identify identify party myself he building performance pattern different marriage majority","1975-09-19 08:15:29"
"40","3","3","Protect research organization lawyer add performance brother common note guess line parent sell","2022-01-08 10:12:16"
"61","69","2","Shoulder success establish wall physical last smile suffer name lot I they there vote also","2001-05-19 22:40:51"
"5","35","5","Most two next current buy work it director once night argue still population level result something","1972-05-18 11:44:52"
"57","66","0","Interesting thus shake far young tough degree cell person nation participant","2013-11-04 11:43:47"
"26","21","2","Similar politics consumer relationship each word tree understand at real","2020-11-11 14:10:47"
"67","80","5","Skin site eat begin effort such better step as partner own whatever board let fish often","2004-11-30 04:14:11"
"46","35","1","Decide care to executive medical kind serious around owner adult run","1994-04-26 18:32:06"
"9","48","1","Huge protect carry front concern military arm professional thus","1995-09-05 17:12:50"
"40","13","2","Baby American opportunity decide sure go moment gas indicate occur we short yet","2012-01-14 15:49:45"
"85","13","4","Receive business third figure mind help paper western all","1993-05-18 21:43:55"
"91","59","5","Any organization thousand often decision chance whom lead difference suffer everybody laugh build society shake sense","2008-04-26 11:30:17"
"97","10","5","Major one offer catch radio cold information low movement go business avoid your walk turn","2005-12-04 22:46:17"
"72","82","5","Call gun house positive they us key note value movie us artist care spring fish already","2000-12-07 22:24:39"
"22","69","1","Week guy about husband process section these language bill","1973-09-17 19:48:47"
"78","23","4","Fast week theory say I teach church across report force","1982-02-06 05:35:24"
"48","23","5","Yard education education late next various continue seek me Congress everything like value serious word","1988-01-04 09:36:06"
"90","59","2","Prepare deal mind cut attorney candidate eight miss all whether wide table strong want","1986-04-24 09:52:56"
"49","77","5","But significant sound thought push anything store TV small message ask door room","2011-09-09 17:47:45"
"94","68","2","Medical visit it what north buy can close discover treat process side big perhaps","1980-05-02 18:54:16"
"3","70","1","Each democratic money eat TV minute contain I will miss sign specific market five","2011-10-30 09:22:25"
"8","57","4","Assume choice center water analysis no task lot","2006-01-15 05:41:33"
"23","77","4","Source way film look any will media feel concern into us recently vote call lawyer pressure","1989-10-26 01:06:13"
"25","50","3","Compare myself meet improve to nor develop read yourself mind yes fund","1976-11-25 19:58:38"
"5","85","3","Big wait forget interest special doctor ok ready artist admit local north toward most writer you","1998-03-04 07:54:21"
"24","33","0","Right mother expect whole purpose huge entire become","1987-01-05 10:45:31"
"87","12","3","Religious class one level expect arrive research station","2014-01-20 20:34:17"
"77","77","4","Worry walk true summer week least state","1987-10-29 13:34:59"
"27","91","5","Set food war break only without reality staff quality another foot partner lawyer foreign product like","1983-02-23 06:35:23"
"54","89","3","Subject my last show cost run determine town candidate pay animal","2017-12-10 13:05:23"
"42","21","2","World enter company tend Democrat thus where","2003-09-10 09:28:41"
"39","29","5","Water into box prevent bed indicate without when","1975-01-29 13:54:20"
"47","91","0","Now mouth decade hit production ability town voice safe line street dog hit attack open employee","1977-09-01 18:12:24"
"74","85","1","Score strategy knowledge the look because nation record late and difficult guy last yet","2016-04-27 10:11:43"
"0","97","4","Either player scientist a involve move class operation carry fish show buy seek image sell other","2007-09-03 19:15:26"
"18","8","0","Across small four tonight dream score much about north same almost here admit","1995-08-10 02:02:12"
"54","80","2","May office heart apply speech religious action another maybe same","2006-02-17 13:18:08"
"9","61","3","They listen business brother none fund father tell person question measure despite","1992-02-22 02:12:34"
"70","83","5","Window remain mention close sort support not nation American degree red success mother beat","1977-09-16 20:20:44"
"50","23","5","Answer mind make part paper sense politics institution toward certainly","2010-02-26 09:52:19"
"54","71","0","That section hair southern eat surface land surface example candidate bag idea spend believe throughout","1977-11-09 19:31:50"
"39","35","4","Visit television leave every half adult bag entire short individual stock day impact speak together","2001-02-19 00:40:32"
"10","66","3","Later much another beyond tough interesting across image unit personal later student report debate audience occur","2015-02-22 07:24:44"
"54","18","0","Admit recently affect become wall hear decide mouth how around keep read","1981-03-18 15:30:25"
"84","51","4","Value TV identify marriage church if usually play edge show poor movie identify ten office","2018-07-21 23:48:13"
"14","80","2","Unit also sometimes easy series contain hundred five others key southern","2012-03-16 10:25:17"
"98","57","3","Value protect hot table news others decision","1999-06-30 17:24:41"
"58","35","3","Moment improve reduce thus commercial upon pick particular lead","1997-04-12 15:47:19"
"71","66","4","Fine grow or law view stand successful trial where","2003-12-31 06:33:38"
"8","20","1","Matter win share serious nice sister social seem almost police report second","2010-11-29 14:42:11"
"28","87","3","Certainly off news including wish herself myself message maintain election party authority hand","1978-11-23 20:17:23"
"61","79","1","Nearly activity anything head according tell be listen best product take","2006-09-10 04:16:27"
"3","82","1","Hour traditional candidate professor sell section might mother cause too oil level right agreement","2014-05-05 01:17:40"
"15","51","2","Impact themselves there suggest read society official positive give both reflect","1971-03-08 16:34:50"
"60","91","3","Couple push recognize growth matter oil generation available","2016-01-08 00:17:43"
"13","45","0","Protect network me risk point final front the knowledge party edge seem offer kid arm indicate","2021-09-08 23:04:29"
"95","21","2","Doctor age line good across structure drug sport","1972-08-29 06:21:33"
"30","68","0","Door for site direction federal letter economic exactly watch music process woman deal whatever moment","1990-07-25 10:14:13"
"15","45","1","Structure yet over standard protect president call there exist","2020-03-25 15:34:43"
"22","51","5","Keep success four chair true cold do buy six box","2004-01-21 20:54:35"
"23","56","2","Anyone between western remember be along all policy unit hear matter","2019-04-25 03:05:24"
"43","63","2","Figure training space describe weight behavior reflect once smile use","1992-10-14 09:33:41"
"39","28","3","Affect sure animal work from morning fill be","2006-01-17 08:48:38"
"36","83","5","Dark one fast unit actually fire economy generation number finally tell official kid form","2019-02-06 11:28:17"
"44","89","5","Strategy local resource use never rich human eye four light minute certain eye not","2013-04-30 22:23:08"
"27","45","2","Beyond career show event box from ground nature","1999-12-09 05:31:38"
"47","69","4","Case firm bar door magazine with military improve may enter themselves hundred receive factor week","2020-01-16 23:01:01"
"63","94","0","Player man keep say TV news speak until plant","1988-03-07 02:53:11"
"76","71","3","Power likely series your morning notice face option performance relationship challenge democratic","1984-07-17 07:41:10"
"53","87","1","Method finally such middle animal cold network provide trial her compare","1976-10-26 22:34:01"
"16","83","0","Economy kitchen report establish around cup require thousand","2014-03-11 18:27:55"
"98","64","4","Guy think measure song health recognize involve daughter eat about field project treat","2002-03-26 13:27:37"
"93","18","5","Coach test happy everyone radio also together financial two","2018-11-24 05:18:26"
"2","10","3","Morning box leader listen important sit camera laugh American","1970-12-02 10:37:21"
"99","72","2","Again hair assume represent example must technology plant benefit crime sort","1990-06-02 03:50:52"
"61","64","1","Kid attack close then stop help share second statement budget age trip as different","2006-05-29 04:28:53"
"96","18","3","Positive certain reduce relate food school mouth firm industry case federal process","2009-08-08 06:44:07"
"53","72","5","Position media player only collection into best street total","1981-02-28 23:36:52"
"38","70","0","Specific fast back figure want stand range company","1991-01-01 23:39:00"
"43","79","2","Audience ok result run despite official then relationship live less part employee","1976-06-21 02:58:51"
"27","30","5","Letter house south more old indicate effort body win","1980-03-11 07:09:47"
"26","34","4","Hold kitchen adult tree watch hit health rock agent throw light among over develop away win","1990-06-29 17:10:16"
"85","64","5","Down behavior speak character maybe man interest approach interesting hear","2017-08-03 15:25:48"
"96","28","1","Agreement evening you send recent southern nothing","1981-08-27 09:49:28"
"51","55","3","Finally the herself different me process physical middle write","2009-11-21 19:05:27"
"93","85","1","Cultural out doctor newspaper candidate method pretty together down world money","2008-10-10 06:53:32"
"27","58","3","Task thus recent group represent population image such","1983-03-20 12:31:48"
"35","50","5","Future rule attorney beyond story it carry stand","1996-10-28 12:40:18"
"98","33","3","Bag wrong technology staff example successful technology open exist century","2011-09-11 19:35:35"
"94","42","0","Suffer might movement six believe food she unit forward anything during","1994-12-19 10:25:24"
"60","72","4","And in month raise five both within","2008-08-17 05:39:42"
"62","66","4","Affect church off rock when fast how","1998-07-31 11:46:26"
"58","66","0","Would magazine consumer development person unit result kind","1980-09-25 21:44:09"
"37","18","3","Story administration watch policy task like hope","2016-07-16 16:41:23"
"49","34","2","Time attorney page amount once receive push decision beat remain account","2018-07-19 18:06:39"
"12","6","0","Around wish then analysis let administration maintain president kid that know","1973-04-29 17:23:26"
"6","69","3","Need certain in fight account ball million president","1979-07-02 00:49:43"
"67","45","1","Middle something tell why out individual they","1975-09-28 02:42:51"
"19","83","5","Bank kid last painting me cup easy reach","2001-05-26 01:59:53"
"27","30","5","No capital whatever prevent particular white allow stay name wide film it","2021-03-09 18:12:41"
"17","68","3","Subject though letter sign staff trouble really view ball attorney to","2010-07-17 02:31:26"
"5","40","2","Lawyer follow leg decide relationship area human institution summer check consumer to light","2022-09-10 07:41:19"
"48","41","2","Require back field perform consumer society black gun form court eat police speech remain","1987-05-11 19:53:05"
"95","71","5","Article campaign sort defense process throw east manage author","1996-08-25 14:08:21"
"55","2","4","Feel approach tough listen term everyone bad feel painting nation mother old indeed who this wind","2022-06-08 23:45:39"
"43","89","3","Yeah inside possible decide team position news enter owner skin field project beautiful stuff","1995-11-23 10:15:36"
"27","83","3","Feeling successful popular reason third social whose bag defense owner game fire choose western teacher","2003-01-07 03:11:45"
"60","55","5","Happen create also light look simple now perhaps paper wide feel history","2012-03-27 06:02:16"
"98","69","4","Every focus leave national teacher scientist network throughout theory card main college watch coach operation finish","2006-06-26 02:22:06"
"91","83","3","Institution almost far manager machine for outside strong despite so information suffer","2012-10-27 00:28:41"
"28","34","5","Behavior large my challenge way list career heart employee boy food","2002-06-29 11:57:53"
"20","81","5","Wonder market physical stay customer fire talk pay he week know police word","1999-01-26 21:48:12"
"89","78","3","Scientist until heart pass inside music hotel church page onto","1988-09-24 23:22:32"
"30","45","5","Meeting suddenly whole relate participant see you market may crime","1995-06-29 03:45:55"
"81","89","3","Approach bank commercial big ten white write treatment soon","2002-08-14 21:16:23"
"98","91","4","International claim significant movie street program organization area","2004-05-03 15:45:34"
"97","72","2","Sell now enter away yet security whole student career tax account within perhaps news","2004-09-23 13:04:00"
"1","71","5","Wall white read well travel shoulder today particularly process same friend pass according bill","2004-06-29 04:18:51"
"91","71","1","Together fall decide drop think food center baby inside form business","2003-09-21 01:00:39"
"35","56","3","Center dark camera decision cold once magazine worker you","1985-12-30 15:19:13"
"59","91","5","Lawyer fight high form conference range reason population beat believe their talk throw","1994-12-18 23:12:37"
"75","27","0","Trip choose consumer we ten great enough yourself team example somebody four","1994-02-27 06:16:56"
"30","82","1","Against every unit husband thousand describe better four fly","1976-02-13 09:03:52"
"72","57","2","Determine again third nice south effort mouth source throw","1992-08-22 17:25:42"
"14","94","3","Little candidate daughter cold window approach strategy rock information president by least modern","1986-11-04 16:40:00"
"97","81","5","Analysis many now turn likely term spend peace suddenly","1979-10-10 21:09:22"
"71","21","4","Building to meet real relationship lawyer born month people financial campaign difference simple television off medical","1982-01-24 20:16:59"
"12","50","2","Push be service glass national growth he even local off relationship of contain","2007-09-15 12:22:44"
"96","18","5","Rate throw of take its business approach discussion sort event federal cultural college happy","2014-11-04 16:48:16"
"51","8","4","Over yard international politics off relationship member board pass quickly measure perform best serve authority","2019-06-26 22:46:06"
"83","66","1","Finish thought herself agreement production form share make yeah much color modern sell listen","1976-02-27 02:04:15"
"19","28","0","Social common take rather evening goal similar bed social but","2008-04-23 09:26:09"
"62","61","3","Wear research wonder think not hospital these about your think","1997-03-21 18:00:43"
"4","84","3","Community everything first fill city anyone avoid before","2001-05-27 02:30:27"
"87","77","1","Move feeling minute nice ok instead evidence structure","1989-06-18 17:26:15"
"59","2","0","We quickly provide score officer side gas","2006-05-16 11:28:24"
"77","78","0","Involve attention run down example road six you","2011-05-26 23:33:31"
"82","2","3","Interesting raise respond act model economy rather standard life local type industry take","1981-05-27 04:02:12"
"5","42","3","Hot participant thus ten peace medical full","2017-12-26 03:03:14"
"9","78","5","Food strategy these middle around total culture likely couple court begin discuss make fill speak","2005-10-22 20:48:38"
"60","20","3","Activity foreign coach strong worker explain product instead something","2003-07-20 04:37:12"
"66","58","0","Group quite conference treat camera different drive economy likely middle finish mean rest despite skill","1982-06-27 12:59:01"
"32","2","3","Friend church get represent bring radio station","2022-04-02 14:56:40"
"93","71","0","Too agent to support recent group catch common available learn professional fact young","1982-09-19 13:46:06"
"53","57","0","Partner including it everybody from people to situation seven guy word","1993-05-12 04:39:45"
"4","41","2","High among human rather spend kitchen increase day","1974-05-01 17:12:17"
"13","8","2","Writer understand when rich blood professor change church","1986-01-30 00:25:35"
"76","18","0","Rise out inside around fast player agreement source single list","1978-04-21 01:05:58"
"55","12","2","Town start must upon protect feel today hour finish picture painting guy over card outside","2017-01-30 21:35:50"
"61","36","1","Approach ready responsibility tonight apply purpose use speak result pick write","2003-04-19 23:20:49"
"70","36","1","Positive side friend even current join certainly audience summer certain","1989-10-20 19:42:52"
"50","91","0","Field media customer surface whole wrong authority safe best shake seek none","1998-05-07 22:48:01"
"66","70","2","Where hear piece possible beat relationship by story two claim our outside home","1994-04-12 23:02:16"
"96","4","3","Green event near share black million white grow amount well ability model","1990-10-05 05:37:53"
"46","30","4","Yes push perform find media age customer plan marriage energy audience fear","2001-02-13 10:39:50"
"33","53","0","Cold nearly to exist view put name","1977-01-11 23:34:51"
"84","10","3","Production wrong raise life trip effort tell room analysis open example trade reason particularly","2014-06-15 19:55:07"
"72","35","0","Their thank writer together her population five","2004-11-18 14:55:40"
"55","91","2","Difficult interesting whether never commercial conference couple before though","1983-02-01 12:59:41"
"62","49","0","Affect material range professional pay remember debate clearly catch will director summer will","1984-12-05 19:49:58"
"42","53","4","Show yes leave affect term born stay director name once individual particularly process style human","1979-12-09 17:42:31"
"91","49","5","Least cover black edge institution throw news mouth seven onto movie type hair","1989-10-05 21:22:53"
"43","61","4","Shake create thought friend talk easy quickly interest treatment skill nor together","1995-01-28 05:22:17"
"79","55","0","Pay voice check let as computer down wrong now that trade though nature","1996-03-30 19:55:21"
"38","81","3","Financial item item admit food level trade eat million east class reflect","1981-01-24 16:17:27"
"55","40","1","Two your garden candidate maintain project report personal life sing his","2020-09-30 08:58:59"
"40","84","0","Prepare tend easy others serve meeting against everything easy eight rock","1981-10-27 14:50:26"
"56","81","0","Service nature son physical fund but show individual","2013-10-31 01:34:46"
"51","12","4","Science pretty age performance that affect student cover property fine their strategy reflect would company","2007-04-19 02:33:52"
"78","48","1","Attention number structure road method show help score into compare quickly money","2019-03-05 22:52:06"
"82","35","1","Together month court build staff hard question detail quality because","1977-07-30 18:34:04"
"46","84","1","Foot although work president heart up TV perhaps travel","1994-02-01 15:02:57"
"67","42","3","Look develop ago environmental music fall measure","2009-05-04 22:23:02"
"76","2","3","Station job cultural detail ok thank everyone ever particularly herself unit pass information final","2020-07-29 12:46:52"
"20","77","5","Sport low east exactly note trade economic move","2012-04-01 20:49:11"
"32","28","2","Record no condition spring other environment believe list","2017-08-08 04:44:35"
"91","63","4","Lead note meet music create difference finally miss choice indicate admit paper wonder","1974-08-12 03:32:14"
"36","50","0","Success political hair during might near fill show medical difficult order red","1997-09-16 07:54:07"
"77","10","0","Another nothing husband even clear here high provide today growth power send series so nature heart","1983-11-08 11:57:51"
"40","27","4","Ready daughter per themselves off form person her","2002-07-27 20:01:20"
"32","35","1","Company maintain a scene police board charge individual professional agreement","2004-08-21 11:17:17"
"72","66","0","Represent care kitchen response analysis stage PM camera go born purpose international Republican","2000-02-23 01:04:50"
"89","6","2","Wish require Democrat their by war assume recently catch","2018-11-04 05:09:36"
"86","66","3","Player where similar control once current carry war most pick number performance yourself almost well everybody","2016-04-23 13:34:55"
"17","35","0","Politics prevent note speak person can quickly away world","2011-08-24 10:43:41"
"41","2","5","Myself no growth order education agree either industry whole what place race agree expert","1998-03-03 12:24:35"
"58","41","5","Police still affect car top happen court follow value else save painting arm through point","2003-10-14 09:03:47"
"91","23","5","Amount model middle necessary if while century evening perform agreement prevent side those knowledge oil","1973-10-13 03:37:22"
"13","64","3","Picture often development rise science focus wonder","2011-08-17 08:52:37"
"57","65","4","Table so building expert pay what thousand public","2003-03-27 23:54:30"
"1","21","0","Base series six well mission one improve them head ten approach indicate design choose sing","1994-02-19 04:53:04"
"25","49","5","Threat usually job top bill rather him image key strategy before treatment technology","1975-01-14 12:52:03"
"63","8","5","Red phone realize audience security skin late suddenly","1972-08-13 08:17:57"
"34","50","3","Threat some business future through you investment system color miss no","1989-10-02 19:35:23"
"13","30","5","Authority training keep trip total source sign white","1983-02-12 04:40:09"
"92","35","0","Attention choose cover dog total evidence carry return knowledge","2018-10-27 19:59:31"
"91","97","4","Mission camera design investment again since kid after shake assume fill despite person push","1971-10-25 06:53:12"
"78","6","1","Go nice popular place recognize space under realize serve","1987-11-21 14:22:03"
