"0","Go up town","464.90","true","Sports","On everybody author room skin laugh class paper base arm computer","83","53","apple.png"
"1","Read dinner be","75.83","false","Random","Think agent record structure one prepare organization certainly blue side speak TV","11","73","sweater.png"
"2","Account themselves significant","433.93","false","Sports","Lot final safe pull magazine defense firm main successful challenge family ten","88","33","banana.png"
"3","Attack serve court realize rest","65.93","false","Food","Physical safe put same former picture western","35","7","legos.png"
"4","Success list","142.53","true","Food","Determine reflect onto prepare those admit how fall stuff if guess owner on","90","73","soccer.png"
"5","Fast eat","132.42","true","Food","Condition themselves couple language clearly push control something area figure claim Mr force past occur for","92","52","banana.png"
"6","Usually detail image","212.61","false","Sports","Give own note along play crime produce nature sea mind wonder accept measure three avoid","55","61","sweater.png"
"7","Sit interesting television money student","48.99","false","Appliances","Usually site while strategy say left yes hard clear","81","7","sweater.png"
"8","Policy doctor the","429.79","true","Random","Sign than on bar occur surface keep","69","10","banana.png"
"9","Go up town","221.47","false","Random","He market voice art by will leader management music","3","91","apple.png"
"10","One arm fill","474.17","false","Random","Buy movement represent others boy such bar always","20","52","gloves.png"
"11","Wife despite work","58.40","true","Sports","Difference system rate myself big capital product open station check condition maintain","15","19","apple.png"
"12","Right conference tonight","87.88","false","Sports","What theory each once explain very perhaps rock use south up charge","82","26","apple.png"
"13","Professional key TV sort cultural","393.39","false","Appliances","Beyond road east participant nice home pretty","5","16","detergent.png"
"14","Price make few likely","433.12","false","Food","Nice care scene lay himself use still successful south","13","59","legos.png"
"15","We that","470.63","false","Clothes","Girl likely eat bring fly approach fine force back offer subject particular bit","15","4","keurig.png"
"16","Scene set although identify only","159.12","false","Clothes","Every single address explain never audience research operation stay different down sit base","30","61","banana.png"
"17","Building result interesting second here","251.96","true","Appliances","The sometimes interesting him four similar career popular account shake cultural state","23","33","banana.png"
"18","Price make few likely","267.14","false","Food","Question religious herself bill impact ask floor final close campaign agreement pick position white","54","48","apple.png"
"19","Scene set although identify only","88.55","false","Sports","Poor list TV subject product popular scientist any turn blue college receive","9","33","soccer.png"
"20","We that","87.10","true","Random","Skill admit reflect stage visit strategy speak well hit doctor both change clearly health","87","86","banana.png"
"21","Building result interesting second here","389.89","false","Clothes","Talk system effect force research special night","86","54","banana.png"
"22","Wife despite work","16.31","false","Appliances","Painting at baby figure home officer son walk","94","58","banana.png"
"23","Wife despite work","426.27","false","Appliances","Along could carry especially just control local even environmental","50","14","sweatshirt.png"
"24","Field shoulder","458.48","false","Clothes","Behind certainly policy smile kid society quickly daughter country cut environment edge name down of perform","78","94","sweater.png"
"25","Scene set although identify only","14.82","false","Random","Phone lose try consumer all key develop suddenly","39","98","gloves.png"
"26","Right conference tonight","207.00","true","Food","Use source member must memory resource policy spring moment thus bar smile they smile","85","26","sweatshirt.png"
"27","Best small hold","65.38","true","Appliances","Role worry program new article protect American case power teacher member simple model off official authority","41","54","gloves.png"
"28","Live student plan","10.12","false","Sports","Once success four into lay game huge low rule item never eight court wide child","23","91","sweater.png"
"29","From attention including","183.98","false","Appliances","Federal answer kitchen goal our grow play design go commercial court","26","76","legos.png"
"30","Price make few likely","294.44","true","Sports","Purpose seat water nothing successful change than and again dinner somebody remember they","74","54","soccer.png"
"31","Sit interesting television money student","438.44","false","Random","Similar attack finally price car data serious future expect least vote claim but term report standard","39","15","detergent.png"
"32","Policy doctor the","208.50","true","Random","Production old herself concern teacher government pattern politics research too sell hear party sure","1","59","keurig.png"
"33","Fast eat","335.72","true","Clothes","Alone option ready trouble western car break early sort can election morning reflect","64","45","keurig.png"
"34","Attack serve court realize rest","470.28","false","Food","Animal pass find man fast however industry buy score general","60","94","banana.png"
"35","Attack serve court realize rest","137.92","false","Clothes","Majority police important add head learn expect forward huge add half up trip foot face pay","82","76","gloves.png"
"36","Program rich away option","32.24","false","Clothes","South detail include join mission care set within PM really effect","72","54","legos.png"
"37","We that","43.52","true","Food","Study image education career control discussion whose although beyond important party skin single at","53","71","detergent.png"
"38","From attention including","10.85","false","Clothes","Determine what institution others home job bar exist sure late responsibility expect south plan yard foot","82","44","detergent.png"
"39","Professional key TV sort cultural","423.01","false","Random","Three prepare direction after listen prevent point glass","90","83","sweater.png"
"40","Live student plan","163.82","false","Food","Science send state former teach class fire perhaps join result","87","92","detergent.png"
"41","Professional key TV sort cultural","75.08","false","Food","Letter stop foreign indeed within example research professional sometimes still rest","68","76","detergent.png"
"42","Price make few likely","343.18","false","Clothes","Key many actually business community any eat also her cultural may explain move parent","95","86","soccer.png"
"43","From attention including","72.94","true","Random","Turn it draw find action with try question manager","68","58","apple.png"
"44","Go up town","97.64","true","Sports","Animal change fund agreement relate decision certainly bill great too song tend poor out event","57","59","tennis.png"
"45","Professional key TV sort cultural","160.18","false","Clothes","Whether middle decade player by term quality study","2","23","keurig.png"
"46","One arm fill","314.07","true","Appliances","Report high poor energy news alone card culture help official","48","15","soccer.png"
"47","Usually detail image","490.90","true","Clothes","Indeed drop believe let change issue run nice stock success former organization","31","54","legos.png"
"48","Sit interesting television money student","210.60","true","Random","Soon pressure outside however certainly detail cultural so art so level rule stuff police","71","33","gloves.png"
"49","Scene set although identify only","45.83","false","Clothes","Total sign back arrive financial wall beyond discussion stage another common physical she peace should","7","44","gloves.png"
"50","Building result interesting second here","424.70","false","Sports","Worry box onto would behind may matter hope evening herself whatever across career hotel","59","92","keurig.png"
"51","Field shoulder","440.35","true","Clothes","Method wide scene upon wonder art station line despite late collection own mother","97","54","legos.png"
"52","Building result interesting second here","253.61","true","Clothes","Player old trouble individual recognize summer air hundred","23","33","tennis.png"
"53","Field shoulder","37.50","true","Random","Oil college low fact nature brother on agency part weight conference service social protect style","5","14","sweatshirt.png"
"54","Fast eat","163.64","false","Clothes","Spend even happy whose daughter purpose allow half indicate present possible single","6","19","sweater.png"
"55","Sit interesting television money student","449.93","false","Appliances","Sign government company already discussion service technology research from table lay","65","66","banana.png"
"56","Attack serve court realize rest","34.65","true","Clothes","Environmental shoulder decade modern force buy account simple","84","4","detergent.png"
"57","Account themselves significant","95.37","true","Random","Of part American conference travel include that real share computer","85","52","sweatshirt.png"
"58","We that","459.18","false","Food","Theory bring computer show church such happy keep dream last within stand across could","79","84","gloves.png"
"59","Wife despite work","119.23","false","Random","From tonight up popular or benefit represent who","18","14","tennis.png"
"60","Attack serve court realize rest","204.31","false","Food","Bank soon risk my others order director and","41","7","sweater.png"
"61","Program rich away option","337.44","true","Clothes","Boy some away production development always simply shake special current each","47","33","gloves.png"
"62","Attack serve court realize rest","347.22","true","Sports","Doctor life prove movement film ground chair consider","51","44","tennis.png"
"63","We that","278.38","true","Clothes","Conference around commercial price popular buy have couple environment","6","73","sweater.png"
"64","Read dinner be","238.73","false","Random","All house agree until cut put tree choice someone prepare business","93","56","keurig.png"
"65","Pay quality likely report nearly","281.33","false","Appliances","Room safe sell present community direction today best skin first collection whether issue","70","23","soccer.png"
"66","Thank attack money natural","439.81","true","Clothes","Do may bad important second computer cold event item explain should morning none instead recently","91","26","sweatshirt.png"
"67","Fast eat","149.02","false","Food","Watch for others wear pay medical ball too particularly represent","41","45","legos.png"
"68","Go up town","495.02","false","Clothes","Whose result determine Republican he indeed few hand hear run available summer page","44","95","soccer.png"
"69","Go up town","54.91","true","Food","Heavy degree wonder make rock could consumer help area","25","16","sweater.png"
"70","One arm fill","89.72","false","Appliances","Throw election line meet modern deep particularly","91","66","banana.png"
"71","Read dinner be","371.72","true","Food","Policy minute dinner at hold white spend story the partner positive single produce","97","23","detergent.png"
"72","We that","22.41","false","Appliances","Class class at former wife wrong nor political whose future realize class accept","76","25","gloves.png"
"73","Building result interesting second here","355.95","false","Food","Marriage nation way may recent cover debate decade table visit","37","44","banana.png"
"74","Professional key TV sort cultural","221.76","false","Random","Pass culture sound media through western understand every feel huge miss hospital ball east choice","9","56","gloves.png"
"75","Policy doctor the","397.54","false","Random","East expect he agreement special hotel develop fund building hand gun trip","20","39","soccer.png"
"76","From attention including","125.30","false","Sports","Into arm relate maybe whose seem put","85","91","apple.png"
"77","Live student plan","313.90","true","Random","Language lay area hot stand nature high break sort behavior director","30","56","gloves.png"
"78","Building result interesting second here","370.98","false","Appliances","Not executive road us back each decide source","52","7","apple.png"
"79","One arm fill","194.33","true","Food","Occur occur travel beyond item debate him alone","70","59","sweatshirt.png"
"80","Field shoulder","310.79","true","Appliances","Across expert subject vote final walk range","75","86","gloves.png"
"81","We that","287.47","false","Sports","Word public grow activity agreement painting environmental executive successful pretty knowledge human feel","73","7","keurig.png"
"82","Right conference tonight","187.98","true","Appliances","Friend green near item serve since unit similar far couple none community","67","7","apple.png"
"83","Professional key TV sort cultural","81.31","true","Food","Line page car image under miss Mr effect media claim foreign risk key positive","19","91","legos.png"
"84","Go up town","162.51","true","Appliances","Collection reduce industry interview international continue baby foot information chair difficult measure customer thought could about","70","58","soccer.png"
"85","Field shoulder","249.55","true","Clothes","Two enter will quickly near discuss pressure computer him window very daughter fill product","64","24","apple.png"
"86","Thank attack money natural","103.14","true","Appliances","Generation community ball of instead tonight yet order party bit dinner","92","56","apple.png"
"87","Price make few likely","80.52","false","Appliances","Boy move skill effect might people recent family I","68","7","keurig.png"
"88","Live student plan","441.66","true","Clothes","Sure edge arrive table similar bed option half whose model offer those door will floor employee","17","86","sweatshirt.png"
"89","We that","33.97","true","Clothes","Five idea authority position recently site bed foot opportunity mouth present life than two since any","28","58","detergent.png"
"90","Usually detail image","1.30","false","Appliances","Visit stand mother get safe paper ready north maybe herself tend art people","35","83","keurig.png"
"91","Thank attack money natural","218.92","false","Sports","Prevent management before agent ok see civil","20","53","sweater.png"
"92","Wife despite work","65.51","false","Appliances","Area threat image arm require open popular probably play","78","23","banana.png"
"93","Account themselves significant","413.51","true","Sports","Or activity agent matter mother seem medical goal tonight my surface institution","31","84","soccer.png"
"94","Usually detail image","371.12","true","Clothes","Technology get boy break present authority son will rate travel soldier strong","72","58","gloves.png"
"95","We that","89.15","false","Food","Meet all identify into type soldier director give two dog management free news exist eye after","18","65","keurig.png"
"96","From attention including","451.73","false","Appliances","Out purpose whole place I item organization arrive know contain economic enjoy sound","39","91","legos.png"
"97","Price make few likely","477.33","false","Clothes","What professional peace seven full these technology size reflect administration adult street director peace certainly","20","16","sweater.png"
"98","Field shoulder","175.52","false","Clothes","Health learn west happy increase always for natural we provide vote hotel","78","57","keurig.png"
"99","Account themselves significant","70.24","true","Food","Style human western role modern stop blood listen poor draw century process spring health finally effort","33","4","legos.png"
