"72","1207","2","Check meeting allow boy test three three drive real","2019-08-10 20:13:15"
"57","887","0","Require value kitchen boy reason go various away card doctor detail it best","2016-02-17 08:59:00"
"39","1889","3","Identify himself clear take star great adult standard him again drug crime many","2015-04-29 02:35:03"
"72","301","0","Throw write school reflect surface item center central rock executive ability serve deep but clear central","2004-11-28 22:02:06"
"86","394","1","Measure sport manage note chance there seem include","2008-10-18 10:32:32"
"86","231","2","High yes big institution sell mission stage boy hand business those plant effort husband until ability","2008-01-10 21:35:48"
"51","913","2","Take level difficult raise education address standard recognize best by foot thousand difference","1996-07-06 20:47:39"
"40","272","2","Save single interesting road western buy feeling type","2003-01-22 08:14:05"
"86","984","4","Early service letter event lawyer establish sometimes value enter without could walk subject eight thought positive","2001-07-25 09:35:24"
"92","1281","4","Hospital various like ask left instead affect space five again leg experience include three writer myself","1992-12-09 23:14:20"
"19","1875","3","Change western commercial process court security guess here maintain create tough although property another president","2008-06-17 03:23:54"
"8","1117","4","Four state way child door yourself entire ready instead boy yeah see","1984-09-12 17:27:57"
"99","405","1","Thought expect law speak reduce discuss him red","2020-03-06 09:44:29"
"44","1769","4","Black city type time next lot thank strong","2001-08-04 17:47:47"
"72","1297","2","Appear religious religious land child other reduce relationship far defense may knowledge","2021-01-26 03:12:01"
"13","1938","3","Continue arrive say chair strategy build evidence as study opportunity mother there","2006-10-17 05:39:23"
"11","567","4","Team serve ball room man exactly less citizen town minute its strong something performance","1982-03-21 19:20:08"
"21","1417","0","Control guess another production money may left well","1997-07-19 04:02:32"
"43","1875","5","Physical everybody season magazine of peace interview best record actually difference mission","1976-04-28 05:42:46"
"26","1290","5","Off would save fill answer Republican rest","2002-08-04 01:51:37"
"68","50","3","Within seat add important free four chance","1991-05-04 00:26:48"
"60","522","0","Have first event modern save answer range compare poor lot focus president hope","1992-04-08 15:30:20"
"23","1407","5","Believe which teach build oil culture town skill write television","2002-09-30 23:22:46"
"82","1743","3","Capital south collection land treat line prove occur better clearly watch minute this language full","1983-01-30 02:07:42"
"35","788","2","Reason cover who those company surface word week official high son","1970-05-30 10:45:26"
"56","41","2","Owner without read seven allow interesting environmental whose seat","2005-09-17 06:08:19"
"62","761","3","Want source child movement economy this quality happen time scene","1997-05-18 14:20:15"
"74","251","1","Science watch recognize level nor finish car point measure note","2013-04-27 18:42:20"
"55","459","5","Always improve reflect series whether at memory election check born quickly generation even","2014-07-28 00:08:56"
"89","422","3","Everyone that produce well wrong teach nearly major resource let model threat go","1980-05-16 21:57:22"
"89","1379","3","Leave it human trial time before difficult before structure meet memory central spring in rule window","1994-06-02 12:24:29"
"73","993","0","Per try song view sing a foreign let particular include leg","1997-03-20 05:04:06"
"92","1510","1","Door eat growth half draw board personal just truth world","1981-03-23 02:31:01"
"73","800","0","Ball concern again benefit few chair base also","2017-04-16 04:54:04"
"85","1334","2","Himself maintain think tend thank my owner health site himself possible expect daughter effect","1998-10-08 23:19:56"
"99","510","4","Prove participant collection minute size degree board sit contain","2016-11-10 10:13:30"
"6","1694","2","In actually million receive yet truth information learn physical agency produce","1982-12-28 08:13:36"
"7","893","0","Be tough reflect hundred reveal push measure role","2007-12-29 09:37:17"
"49","1088","3","Hold home like late control herself tonight free drop never throw","1971-12-29 20:33:46"
"95","19","0","Business including action teacher stop a issue leg music any feeling hotel","1970-08-19 04:44:05"
"22","980","0","Avoid possible official article interest along its popular former decide seven road home decide","1990-03-16 23:47:16"
"24","1402","5","Crime decision trip open quite real early civil reflect","2001-07-21 18:28:49"
"58","342","1","Half up travel available table realize two myself media benefit","1998-12-11 08:22:47"
"53","424","5","Power prove animal street possible feeling hundred enough world","2020-06-15 15:55:52"
"87","747","0","Song happen your score than manager history sport experience","1999-07-15 06:11:05"
"38","985","5","Picture six reveal sit lay cold analysis style pay teacher per sea game tend old","1988-02-14 22:37:55"
"88","1311","2","Race out skin article answer rate miss decide center fish condition happen class stuff","2010-04-11 19:34:13"
"5","1905","1","Sort off executive maintain seven alone picture expect final big necessary color tell chance he","1987-11-29 09:18:46"
"20","1621","3","Event Republican read authority language wall out seek stock","2004-05-17 21:59:00"
"46","1188","3","Community maybe major these catch yes treat environment network food","1990-07-22 13:06:00"
"38","1206","0","Wide person skin national last necessary action senior situation much my society few","2014-04-10 08:59:26"
"56","151","0","Him catch rather until western camera our let professor fill interest lay","1977-11-22 15:49:11"
"18","1329","1","Many agree scene think thousand pick could very why development window least talk","1993-12-22 12:06:02"
"36","768","4","Success nothing camera part adult executive affect","2002-12-21 13:28:36"
"35","1849","4","Occur treatment late store candidate stay which recognize hot finally computer option if owner","1992-12-04 16:23:56"
"42","1130","5","When main conference fast necessary dark total","2018-12-24 22:44:32"
"21","33","4","Quality project school number along red admit actually then senior","1998-12-02 09:01:41"
"73","1978","1","Together adult successful city activity early others color receive","1989-03-09 05:55:56"
"2","880","5","A front skin financial chair reflect build","2002-01-07 11:48:31"
"53","96","2","Age expert modern foot sister project quite anyone understand indicate manage leg","1980-01-31 02:26:01"
"58","1802","3","During interview include draw sort common little next fact","1991-12-05 05:08:47"
"5","985","2","Language ten history part can west their writer fall high debate offer crime pattern","1992-10-22 18:55:36"
"85","895","2","Possible important story soldier nearly land PM","1996-12-29 04:02:18"
"0","839","5","You at manage discussion give memory begin big investment one defense piece job","2002-07-18 21:42:26"
"99","332","1","Society whatever move up sit value goal yet large off foot little","2019-02-20 14:14:09"
"73","384","3","College federal occur call person crime friend direction possible of score entire","2012-11-14 17:50:44"
"87","668","3","Someone time year great accept easy him","1994-08-16 19:59:52"
"3","460","1","As like college air exist high make list new","2015-12-24 23:03:39"
"53","768","0","Nation suggest travel important miss under suggest until be yeah prove hotel develop trip buy","1978-11-09 02:43:35"
"83","1437","1","Evidence vote store everyone thank TV personal positive ability morning base have quite miss","1975-10-23 15:00:55"
"40","1842","0","Resource price drive nothing box maintain commercial summer discuss necessary theory rather","2018-08-13 05:05:14"
"86","551","0","Defense beautiful message above dark others huge drop bit last certainly investment","1979-10-27 23:25:07"
"92","266","2","Word feeling reflect picture than better response because","1973-10-10 12:37:44"
"23","909","0","Specific price wrong officer free professor bed","2009-11-06 03:41:28"
"74","502","0","Full plant theory director quality foreign campaign","1990-03-12 11:20:57"
"96","848","5","Such part pass use anyone role ten a guy note clearly involve point collection science","2000-08-25 15:39:23"
"11","552","5","But population still station can exactly beautiful debate hand wind police cause TV meeting cost","2001-03-14 21:33:13"
"27","1222","4","Already affect similar professional sea scene government book offer","2021-04-02 09:40:10"
"45","552","1","Board arm ahead situation air already sell","2018-11-19 16:13:28"
"47","1055","1","Who whatever service little responsibility ever seem water pretty key","2004-03-04 02:22:56"
"62","1591","4","Visit support get full seek environmental because begin along everything green effort","1991-04-15 15:36:38"
"83","1027","4","Industry this beyond color smile mind education for thousand fast","1971-11-20 20:43:15"
"2","298","4","Whose enter however then practice attention know prove about ability evidence national nice each","2000-03-27 00:06:32"
"66","602","2","Owner send group buy follow stay citizen mother high focus","2018-02-25 16:11:18"
"66","1888","1","Space Democrat both modern person rich just board available","2017-09-10 05:03:03"
"46","824","1","Nothing already player tax theory its white produce agree onto hot everyone continue anything","2002-08-22 08:49:07"
"63","808","3","Ready start story guy purpose senior bank I grow brother interesting despite drive property","2013-03-13 06:22:46"
"44","1173","4","Painting center marriage kid value billion nearly","1980-10-03 01:13:43"
"29","1473","4","When commercial view miss much glass alone piece keep start indeed full air","1984-12-01 00:26:02"
"33","1916","5","Six nor discuss before performance public military discuss start choice about data worker return at fill","1999-08-14 22:48:31"
"78","440","2","Form evening several travel future write couple risk cause environmental family respond position marriage major people","1982-03-01 08:57:03"
"47","1071","0","Take rich capital we subject ball prove finish reason art","1972-12-05 07:23:28"
"97","472","3","Think set listen all state student last draw conference result three yes can light","2001-04-19 00:08:04"
"95","587","4","Must history consumer road choose or grow","1985-03-30 20:27:19"
"6","575","1","Page spend body raise until might draw four summer stay floor bag contain play so someone","2016-07-15 03:56:40"
"71","165","1","Care human put agree back only team recognize carry goal beat thousand","2020-03-07 14:06:24"
"34","471","2","Tough low race indeed effect lot we sport increase his","1984-02-26 03:49:32"
"93","8","2","Green social bank smile manager institution have price great risk she break I try maintain simple","1983-12-29 02:03:19"
"54","817","1","Democrat administration decade training ago today though skin size tough move","2018-03-03 07:34:21"
"84","1123","5","Direction southern either yet yourself hand management later scene yes cell heart gun suddenly","2000-10-04 11:10:46"
"40","337","3","Nation writer section ok effort raise yes rise general","2017-09-21 13:58:18"
"83","1845","3","Hit wear boy hot tend in mission she gas","1993-03-11 09:12:46"
"72","427","3","Pay visit my direction thousand enjoy purpose camera memory party","1974-05-01 14:34:20"
"29","1772","0","Term station television respond head after move people heavy occur quality exist cost case","1970-03-13 11:58:14"
"66","407","2","Necessary trip could hotel baby usually election board energy leg quickly campaign spring owner","1990-06-19 19:53:00"
"28","1117","3","Cost just red maybe line material sit might wait hotel establish account member east fish second","1997-08-17 15:38:58"
"24","308","4","Size job perhaps senior front draw million hear","1985-10-31 14:12:24"
"65","276","4","Table special some security each reduce successful dark","2007-11-28 20:28:43"
"85","1397","0","Play fear road become free claim party fly important group include employee anyone common history","1971-05-22 10:43:34"
"51","389","1","With become large agency century responsibility area body present successful meeting police industry window investment","1997-08-19 13:11:31"
"19","1141","1","Force street wonder rise stop outside different food","2011-01-31 08:37:46"
"43","1344","1","Upon stop let between many church college may","1997-07-01 13:38:19"
"43","865","1","Both stand radio decide wonder voice share","1992-05-22 16:21:37"
"60","132","5","Learn become member son member reduce probably few","1975-02-07 18:15:22"
"62","1296","4","World customer follow major institution happen wind physical tree ball leg hit instead quickly","1981-04-20 05:50:40"
"49","484","2","Make natural daughter home laugh agent writer score week last high at fill statement read","2022-06-12 19:59:52"
"7","1261","1","Strategy result radio training including much especially after","1970-10-13 07:58:00"
"3","1736","2","New type still someone share teacher many onto effect particular town","1988-03-24 02:18:54"
"35","1282","4","Down federal space rather to newspaper age nation civil among force maybe power start inside","2018-07-19 00:38:45"
"60","1394","5","Attorney agree candidate responsibility TV decade figure form","1987-03-06 09:33:28"
"42","441","0","Possible half technology man impact look house relationship any great","1970-10-30 07:07:36"
"70","181","4","Staff way decision large foot must material evidence oil student bad pretty","1982-08-14 22:02:34"
"7","602","2","Able store friend hope training buy wish return case few sell once over fill","1985-07-04 13:43:51"
"35","297","3","Than must often behind moment late enjoy discuss window inside many whatever debate plan","2013-07-01 21:12:14"
"23","1065","3","Method market just Congress also people arm officer add pay everybody other natural story partner social","1997-07-11 07:05:28"
"70","1411","5","Thank rise close page under sound worry way","2013-06-08 20:44:50"
"17","1652","5","Must standard professional choice effort appear where phone","2014-07-07 01:45:43"
"76","254","2","Half election throw idea toward cover day","2012-10-22 21:49:03"
"47","60","0","Wear drive government worker expect site public statement course who affect some miss","1974-07-18 19:53:52"
"35","1536","1","Local large training receive run eat difficult college point base house today accept","1970-10-13 01:53:17"
"48","1593","1","Again ball newspaper statement western visit fine wrong","1999-09-14 21:31:39"
"39","1690","4","Though ask want out push toward some especially","1991-08-23 00:33:03"
"3","1433","2","Its care without court she somebody to big sell physical measure deep stock its door every","2021-08-10 13:53:59"
"49","1938","2","Several no finally course much picture increase week region sort something although","1988-12-08 10:00:41"
"58","1381","1","Staff live important apply investment own why call he sister forward sort","2011-08-26 07:47:24"
"98","1027","5","Type then those dog sure positive term station control daughter role eye black table yeah city","2008-08-23 04:11:22"
"92","153","2","Professor particularly across reflect health sea not Congress suffer fast will daughter government child although","2005-02-21 14:41:55"
"79","1702","2","Current community else hard operation film follow thing class sure forget","2006-03-16 04:43:23"
"84","1809","3","They left know admit southern now become senior special camera wish on act how carry","1976-07-27 13:37:32"
"38","1649","0","Air name few suffer partner return because half prove fund myself story","1993-03-09 02:00:11"
"74","1897","4","Different since believe western degree range officer include should able race campaign scene","2017-03-10 05:44:52"
"28","632","4","Challenge protect research strategy bank believe present art box phone enough mind","1973-07-12 03:21:11"
"68","349","1","Order hold including let remember tonight home","1971-03-19 17:13:32"
"75","1398","3","Foreign ground land million interest name mouth few herself company collection very possible score your however","2022-10-10 01:45:40"
"69","982","0","Language occur public quite second one performance section defense seat finish include treat raise travel","1997-10-04 17:22:52"
"48","1506","2","Generation because often question against share certainly happy pull entire pull impact carry hand study","1975-11-05 16:02:40"
"32","716","2","Shoulder down seek event government should day great","1982-08-24 00:01:13"
"14","307","3","Certain performance police go effort international low with","1983-09-16 01:13:46"
"51","1348","4","Beat just garden single person car their performance age police away","2014-08-26 20:05:18"
"83","1301","0","Serious account year later prepare civil walk","1982-04-14 12:32:04"
"78","818","1","Material person even total page while any couple return thus product four office receive","1994-07-01 15:31:06"
"74","1746","1","Type stand child old reflect compare voice recently both","2016-06-24 09:04:17"
"44","1798","2","Better though Mrs attention new head maybe scene billion offer personal notice point attack father","1993-02-18 23:09:49"
"17","1753","2","You drug age number occur pay stock scientist interview nearly cold professional","2012-07-23 00:57:18"
"50","1993","5","Responsibility maybe strong card firm address imagine little without small opportunity American difficult read","1973-10-09 08:27:44"
"56","1722","2","Of environment ten others difficult hundred senior her","1992-05-25 00:21:43"
"53","1034","2","Serious themselves within play try follow trip spring meet","2018-08-01 01:38:59"
"49","187","1","Research her weight level network fast to writer life left","2006-02-11 01:17:27"
"12","875","0","Like clear lead member authority while amount property set court technology word","1970-06-20 08:28:28"
"74","1514","1","Mean sit cell prevent off also hear play discussion add feel wide behavior he boy","1987-06-11 13:05:41"
"63","1722","1","Forget participant view piece either ball you role method treatment price political note","1994-06-20 03:44:09"
"56","413","5","Certainly minute avoid wind either so ready example direction benefit recent remember lose","1982-03-24 15:36:30"
"67","665","4","Person discussion style firm fire focus hair example our city","2002-01-18 00:39:36"
"34","1281","3","Identify worry issue return finally course pass father recently debate here consider generation about letter strategy","2008-02-20 04:38:43"
"58","302","0","Remember smile out movement show seat know seem lay buy technology play difficult","2009-04-16 14:06:48"
"80","1096","3","Cut recently both off order already then security attack only air","1985-01-31 21:18:29"
"29","61","0","Professor officer early institution again girl ok military black structure business heart song now stuff prevent","1980-09-12 17:32:58"
"62","1602","0","Sea small tough there eight service gun war finish production eight top than ground recently","1995-07-03 14:35:49"
"71","595","4","Admit role true simply nation feeling so","1977-07-25 13:57:07"
"63","674","1","Positive consumer response event would feeling already town station population across sign beautiful next hit","1980-05-29 17:20:11"
"5","101","2","Eye allow necessary stay join sure voice leave key Democrat discuss","1983-06-16 03:41:46"
"61","571","5","Share new cost century unit not western result leader","1997-11-29 20:09:08"
"32","1235","5","Party friend performance own everybody rise grow success responsibility media just everyone all radio group","1970-10-20 02:16:04"
"32","1746","5","Must low senior evidence couple really but material computer gas green hold past wind","2011-01-24 21:18:20"
"83","1080","2","Politics eye dog she traditional join itself perhaps energy difficult","1991-03-21 13:49:41"
"60","1151","5","Quite chair wonder human discuss will system seat any structure","1971-11-23 05:57:36"
"87","216","0","Teach adult since while reveal believe probably goal defense business be beautiful truth spring","1995-03-13 16:04:55"
"45","1631","5","Responsibility easy land there these music other Congress sometimes western present family face fast capital","2022-07-30 15:58:28"
"88","1868","3","Far fear certainly behind either soldier sport describe piece while team PM","2016-10-19 12:02:26"
"77","1938","5","Information hard happy society community media forget answer five subject toward success management up finally","1990-03-05 02:01:23"
"78","1881","0","Necessary will avoid trip then receive hard","2015-05-16 05:24:16"
"83","1014","4","Pm short end lot hope ok hope to carry interview evidence discussion know despite visit","2021-02-23 07:33:03"
"99","1206","3","Let us once arrive appear your girl heart","1979-01-28 19:35:12"
"6","930","3","Heavy just soon anyone training play Democrat certain opportunity everyone","2004-08-31 02:05:42"
"68","1965","4","Too join across listen phone source wait either ready","2011-10-25 15:14:19"
"45","990","4","Police subject nation hospital blood phone staff loss tell and another upon between music","1985-04-16 17:43:59"
"22","1645","5","Per democratic prepare each response material south truth drug activity another","1974-05-15 12:30:38"
"89","533","4","Window blood beautiful single prepare cause ball relationship always","2006-03-11 12:52:25"
"66","1892","2","Republican there my enjoy everything bit defense dinner","1970-11-29 22:07:02"
"34","1238","3","Together beyond just save everything may receive wife happy specific movement TV later tax","2004-12-23 08:35:34"
"24","1459","2","Girl of put outside positive inside describe right home fear resource front current situation often","1984-05-22 15:07:32"
"37","108","0","General girl follow drop local I yeah","2005-08-26 18:51:37"
"66","1370","1","School decide strategy travel environmental test already information quality still financial color center","2012-01-18 04:16:22"
"35","22","3","Site drive among scene wait personal firm more","1990-12-26 15:51:29"
"68","1557","1","Company unit management hospital heavy his mention use door","1985-09-23 16:50:15"
"51","828","5","Firm result people sport truth difference several","2015-10-29 17:25:27"
"20","1833","0","Kind main number guess how goal interview prevent record account then","1993-12-24 19:51:59"
"90","1058","0","Half force score form out air fill recently travel","2009-01-05 15:47:19"
"14","801","2","Window structure world professor fast simple discover offer either right reality","1980-01-14 14:56:19"
"7","1253","2","Blue company doctor item national fire without computer truth leg father worker","2010-12-24 00:48:21"
"55","1062","4","Close best off security meet only arm body help conference","1990-01-16 04:30:52"
"1","1095","5","Must board clear wear usually learn this","2003-11-22 00:54:08"
"81","1870","5","Moment woman condition apply born point but","2016-11-24 08:12:37"
"62","1584","3","Community need PM give hear clear pressure cause","1976-02-26 11:03:05"
"8","1835","1","Who possible age model glass consumer enter nearly top recognize","1994-06-25 02:22:21"
"48","1405","0","Training will gas property list must job or good","2011-10-23 14:50:20"
"70","231","1","Community adult write model college condition somebody admit enjoy box black ok quite seek actually","2018-02-03 13:17:17"
"5","169","3","System generation energy paper front explain medical process act fear south","2000-01-02 23:57:08"
"23","1772","2","Away tree Republican foot hair white off first certainly word help site help rock wonder","1994-01-22 05:35:06"
"94","812","1","Republican him significant east these ok today million paper data","1992-02-19 13:48:02"
"41","82","2","North old treatment general network individual say college here","1971-02-16 01:43:38"
"67","1282","4","World body foreign leg yet say employee there","1999-07-13 18:42:04"
"26","89","1","Pattern room moment wife much standard card race charge all any bar media","1988-12-26 19:43:51"
"23","384","0","Year challenge ok any lay course still economic fear your economic effort","2002-09-23 11:51:53"
"46","152","3","Us enough matter send low green cost six several federal charge pull article yes picture","1972-02-04 19:32:27"
"21","1376","1","Situation road break remember through admit dinner cold strategy artist small station","1983-05-26 10:47:23"
"37","1348","1","Practice view public true stay artist religious remain three happy section","1987-12-21 15:13:44"
"1","276","0","Say of nor among simply billion major machine gas eat grow either allow safe rate","2001-12-24 15:26:27"
"22","88","5","Usually billion all page hand agency success financial drive yourself race despite","1987-11-02 00:52:22"
"83","158","3","Organization rock fish truth level hundred draw story floor west buy others","1997-01-26 20:33:27"
"58","1714","1","Relate reveal these continue near laugh improve another these worry away sense everyone let success until","1999-10-19 04:46:00"
"95","1164","0","Seek special black main budget enough page throughout rest between similar","1981-04-11 20:43:50"
"41","1660","1","Staff thank would will four common act two cause themselves trade may every call each spring","1983-05-09 17:33:52"
"12","9","4","Ball marriage democratic first choose science organization realize say outside capital move","1990-02-22 12:14:18"
"80","1255","4","Service art quality stock again agency can fine prove party go","1973-06-30 10:13:22"
"95","1646","5","Four continue central truth born generation chair statement","2013-09-06 23:52:01"
"22","578","4","Road computer data human issue book work key thought single arm","1994-09-13 14:59:02"
"32","387","3","This war boy oil most community history live yes plan whatever arm under","1988-04-28 18:53:52"
"33","603","2","Many painting address police information raise some ago sense operation wrong type agree live","1990-02-15 05:30:30"
"30","731","2","Million down part apply arrive fall sometimes degree us other east","1981-02-06 10:15:17"
"12","763","4","Together technology east sing material sport half deal military","2021-03-30 19:03:46"
"17","1070","4","Small family program cultural institution ok nor tonight black true","2009-07-31 14:31:28"
"3","1320","0","Paper available nothing our its large list front where employee field even apply employee","2020-10-16 23:39:41"
"63","422","2","When eight focus once follow task run next","2010-10-22 19:44:24"
"64","1293","3","Old thus career hour feel least dream call","1993-08-13 20:16:50"
"69","204","5","Short program article idea now compare career hundred democratic rate road","1981-06-20 21:15:00"
"17","1318","1","Between be public fight magazine organization energy","2012-10-10 11:02:28"
"29","1897","4","Response everyone pretty with then remain step matter reveal direction bad dinner they impact","2015-09-03 17:03:31"
"37","314","0","Report idea draw edge simply before relationship myself be smile project","1971-04-06 21:42:31"
"10","606","4","Admit seat popular control believe Democrat administration benefit two drop could class store","1983-12-13 22:13:16"
"25","463","5","Make than would charge together identify difference condition eye place machine","2007-08-19 10:11:53"
"10","1683","4","Least beat hard truth real push dinner order commercial continue assume night town able build","1999-04-07 21:08:48"
"66","300","1","Church most art key production for hope behind traditional game clear","2015-12-08 06:19:43"
"0","1574","4","Quickly point item camera table this section hold though husband","1973-04-18 14:36:42"
"23","1442","5","Even senior surface technology table particularly skill remember right continue west great court sing boy","1997-03-19 07:18:45"
"91","1071","4","Coach dream close raise family we law religious everyone might","1972-01-12 02:53:44"
"77","1425","4","Never mother once area true young rule arrive already","1986-08-21 01:16:02"
"29","516","3","Watch group state nor cause these language fund level daughter reason ability take past answer","2012-09-23 19:54:24"
"4","1847","1","Show memory well and society beautiful mission behavior want","1996-03-24 01:56:10"
"93","1633","1","Couple teach this represent though trial floor career where either ball agreement","2020-07-15 12:23:41"
"43","1976","3","College society game expert door their pressure reason though","1999-09-08 12:02:37"
"81","1151","2","Create role war bank top live describe beautiful same occur indicate arrive thus situation put I","1975-07-02 11:29:32"
"22","523","2","Agency fill book plan evening chance create full customer might forward guy nor","1973-05-01 16:05:32"
"92","1018","1","Interest movie door charge simply environmental child know more later","1986-04-16 18:51:11"
"50","485","0","Order final lead practice as six campaign either kid expect news leave","2021-11-29 07:55:13"
"18","565","0","Build attorney front matter budget other hot stage stop hand operation hand seek by century stop","1978-06-12 11:24:14"
"49","1900","5","Create end church section team response part decade quickly small prove process writer","1993-11-01 08:57:07"
"25","522","5","Computer charge head bag form ability level ability then certain current strong glass","2018-01-09 21:52:22"
"70","88","1","Economy second individual himself responsibility race art table reveal itself rest radio stand size","1986-09-21 01:30:08"
"65","1313","2","Learn center material ten trip share believe step Mrs step direction","2016-06-08 20:35:05"
"16","1713","2","Item million choose hear law subject ability physical unit","2020-02-03 14:43:38"
"6","1833","5","Rise affect sound lot nation score service dream get deal reality wear even suddenly have development","1993-12-11 15:27:44"
"38","1951","0","Whether future team car medical daughter gun free clearly vote","1997-01-02 05:47:10"
"73","826","1","Cultural dog woman she court whatever much view list reduce road forward avoid hair","2008-04-27 05:53:39"
"80","1993","4","Security most deal attack when news plan color compare anything","2019-06-11 20:41:27"
"40","1835","0","Second one record door during feel wall around indeed keep statement rich visit upon","2000-01-29 06:25:58"
"55","90","0","Challenge support crime employee beautiful may fact Mrs especially","1981-02-06 00:33:31"
"15","570","2","Decision management seven throughout discussion notice they someone ever defense receive dream skin commercial with","1971-12-26 14:57:20"
"14","1157","4","More cold radio paper mouth nothing possible rule computer federal company dog individual difficult","1982-01-20 05:53:09"
"50","1243","0","Far election situation find pay talk head century local sister prepare than building bag life occur","1985-07-07 02:16:34"
"72","1163","0","Budget whether opportunity necessary crime pick instead sound drug","2000-04-11 09:45:12"
"98","1747","4","Help beyond instead seek morning interesting media year continue newspaper level","2017-06-05 14:01:16"
"43","1429","3","Relate game your oil race decide control toward leave improve","2009-02-02 01:56:25"
"56","826","5","Pattern sport each meet instead chance any travel series factor benefit which","1992-07-01 17:26:55"
"90","481","5","Staff store air market form western idea","2022-07-27 09:37:40"
"25","311","0","Whether major chance hand eat mission young","2004-10-25 08:26:57"
"23","1821","3","Nothing include score month student like wear wide mouth than watch wear choice strong","1972-06-04 05:53:49"
"45","1978","5","Better during kind network school impact degree anyone","1971-08-10 22:48:46"
"5","60","4","Part write exist contain just that others carry why number term be movie indicate build","2021-04-01 00:46:54"
"61","194","0","Pull reflect such street maintain assume situation coach","1977-12-21 10:42:59"
"18","1089","5","Rich woman consider husband claim without already eye blood to during","1999-05-12 16:09:16"
"19","1141","1","Describe debate wife until positive station score","1981-09-01 21:26:39"
"61","1530","2","Sing husband myself somebody record somebody course see","1999-03-17 21:57:52"
"72","379","4","Rock us common what energy system model","1973-12-11 15:25:52"
"59","454","1","Human woman else already could section item get power","1992-04-03 02:28:30"
"21","817","5","Resource me later water receive rather world represent poor want special article trade","2000-03-31 19:27:16"
"92","171","5","Myself until someone town decide husband family join","2015-01-01 15:24:16"
"45","922","0","Account most information green statement more good notice relate operation item black hard","1983-05-20 03:42:14"
"29","1706","3","Back degree particularly contain worry produce source above hair find table score others successful blue","2022-08-31 23:41:11"
"82","1088","1","During together fill likely least simple product option generation now inside along allow trouble so","1981-11-28 11:17:29"
"82","317","4","Particularly several southern big matter single seek appear despite because head system entire project read town","2003-09-18 10:38:00"
"35","829","0","Risk step risk personal back agreement no me","1990-01-11 13:23:58"
"77","1281","1","Religious time discussion argue leave let ahead appear service themselves popular such give","1989-09-14 18:59:34"
"13","1238","3","Finally building many ball often study like relationship citizen performance threat near position what","1982-04-29 23:54:11"
"2","929","3","Firm exactly behind church option institution yard product couple oil measure","2006-06-06 13:28:18"
"27","217","1","Senior white professor shake full by most heart according consumer summer million wear quality professor","2008-04-05 09:02:44"
"8","359","2","Treatment claim cup include bring later impact effect direction phone information production amount","1997-01-31 15:43:11"
"26","27","1","Plan thought adult face difference audience then no away ability you past fund article author","1984-03-12 19:58:59"
"52","1111","1","Another prevent traditional wind include music growth minute born officer entire return","1972-05-11 21:03:34"
"79","22","4","Bed strong simple about smile child draw money off pressure leader professor no or control","1981-07-17 03:31:29"
"48","133","3","Require behind green market program others memory","1992-09-20 19:47:03"
"25","1055","1","Side run be send close dinner arm newspaper point one","2012-10-05 20:27:24"
"31","1851","1","Democratic result she authority entire prove social send appear physical treat","2009-10-23 09:11:15"
"87","7","4","Allow live message meet risk indicate institution possible data","1970-04-28 22:43:14"
"66","302","3","Various area central month three scientist may outside agency","1989-05-20 04:32:53"
"86","1788","2","Draw as ground west last different stop consider probably again action similar","1987-10-22 17:46:56"
"44","19","2","Service explain nothing history small between only international onto color people we","1984-05-20 04:27:39"
"40","312","5","Now occur do grow under area hair newspaper such know remember","1970-06-22 10:39:31"
"87","387","0","Box key fact home people mind whom quite poor make large themselves others medical surface","1992-01-14 14:10:33"
"98","149","5","Result there professional democratic store able PM","1981-06-22 18:45:49"
"34","697","2","Term situation few several adult myself end of","1995-09-17 00:44:50"
"31","1197","1","Push eye home whether find hard plan child course though late realize long onto college budget","1983-03-02 07:42:37"
"70","823","4","Push after our month add assume agree yeah","1974-07-02 09:35:58"
"89","460","0","Eight along bill view stock responsibility safe walk store","1984-04-24 15:13:35"
"74","1346","2","Low natural set actually defense event show simple close later economic factor movie find clear","1993-11-15 14:02:19"
"83","1840","4","Property evening research yes moment energy open finish whose or college","1976-12-16 22:55:31"
"95","878","2","Past article mission finish thus any ability especially effort investment understand energy","2015-07-14 07:39:47"
"38","526","1","Hard model central stand different site music purpose attack late us goal affect think send","2004-03-07 11:29:39"
"99","908","5","Gas add challenge chair event any information red dream conference land maintain","1997-10-15 21:16:32"
"34","555","2","Force statement none live world speak admit great claim work view follow loss century expert","1990-07-20 18:20:29"
"86","1152","3","Town often always actually artist should address power dream","1999-04-07 02:13:41"
"98","570","0","Similar remember such society in to ball street yet ready take","1992-11-03 23:39:44"
"37","678","3","Check issue message bed course economic may cell large even","2009-04-22 01:53:30"
"60","552","2","Machine development that rather western race however artist","1999-01-15 06:58:49"
"49","1577","2","Father as card realize until forget capital floor list skill push deal expect hold region policy","1996-02-27 16:15:35"
"24","1253","1","My subject model two anything professor possible fine book read","1990-04-06 23:02:35"
"65","1692","2","Provide hear sure information certain pattern couple capital security direction base idea","2015-09-21 07:21:05"
"62","1243","3","See important crime television book rather seven","2015-10-18 13:13:49"
"25","194","3","Investment safe particularly plant statement wish position hear former material woman treatment risk third current","1981-06-24 19:26:04"
"25","1821","0","Term close beyond country month bring sound catch run hospital class many","1997-12-25 07:34:04"
"95","1207","1","Day wall technology training others quickly consumer dream house","1994-02-01 09:39:03"
"48","9","3","View law sit sort education stand too financial television edge hair recent professor","1989-06-20 14:20:52"
"74","981","2","Teach certain movie them door drop against TV study","1980-06-24 08:30:25"
"9","336","0","Positive base maintain style white safe man third he there prepare goal allow member","2004-10-30 23:23:06"
"85","1758","0","Increase reality door wall short store letter allow social customer bring list lose sell image","1970-10-04 07:22:07"
"94","694","1","Such free poor front girl miss example sell book whatever worry","1993-05-07 18:44:57"
"80","1435","3","So reach manage day nothing believe environment box color many force effect","2021-06-04 21:16:53"
"83","1123","1","Beautiful field particular present happen hand music wall make sense cup senior fear letter trial sell","1995-05-13 04:59:49"
"54","751","5","Wait fire defense city doctor leg second impact character sound unit","1998-11-01 11:56:03"
"8","74","5","Care do region share itself according industry relationship think","2016-07-25 03:49:57"
"45","64","5","Apply audience beautiful happen see responsibility perhaps finally research style direction final everyone day","2012-06-06 17:10:56"
"66","1080","4","Mean want give safe action both so wait away heart admit who that guess rock","2001-07-07 21:12:06"
"63","1102","4","West understand key budget game south various","1985-10-25 04:57:36"
"97","263","1","Issue between attack too where explain attorney measure","1994-05-01 12:56:45"
"41","50","0","Sign price effort letter with response admit doctor candidate herself","1985-07-21 07:20:42"
"9","1379","2","Any life artist eight state audience should three become require about shoulder from card","2001-10-21 13:33:36"
"16","1183","4","Focus teach center low increase participant recognize message computer technology tell human big","1978-11-08 23:05:03"
"93","1594","4","Note phone up expert institution compare state place born decade pretty check","1982-04-03 12:32:18"
"18","1647","0","Agreement ball describe piece conference industry hospital suffer","2004-09-19 14:32:32"
"61","481","1","Involve career follow manage enjoy subject note child","1999-11-03 09:03:55"
"11","51","0","Social new voice firm always note positive growth level over huge","1993-09-11 06:24:33"
"12","404","2","Successful environment inside ability cultural community truth","1982-07-13 14:07:44"
"21","43","1","Laugh enjoy oil however truth rule late with figure Congress recognize several bring itself high particularly","2006-08-17 13:31:18"
"99","756","4","Magazine real their today people rich kind","1998-08-30 07:17:32"
"87","1262","4","Also spring next sit boy painting court thousand want drug off teach parent subject window carry","1984-02-16 22:43:57"
"13","1966","2","Least fine even into none start including ball although","1998-04-30 12:26:12"
"75","1370","0","Gas notice cause just why condition event area own history old free include minute kind","1996-09-21 01:33:45"
"35","374","0","Analysis station subject citizen consumer social enjoy remain sign maintain view fast make","1976-11-30 16:28:20"
"34","1314","4","Now toward see worker that herself product","2020-03-09 05:52:07"
"67","1037","0","Shoulder military worker for full crime them","1983-03-07 22:07:27"
"73","243","4","Work discuss really around table stay personal your hit","1974-01-12 16:00:33"
"42","1389","5","Month continue parent dream happy street successful note foot crime fall compare impact probably growth","2013-01-14 13:17:54"
"41","1565","3","Service raise trial west middle prevent nothing common property even","1981-05-25 14:51:14"
"78","1191","5","Red exactly against will appear enjoy impact have","1990-12-04 14:50:53"
"54","1358","5","Eight financial occur this ask notice way only head dark wish","1995-07-08 22:06:04"
"35","971","1","Require happy should cell central heavy successful dinner identify reflect sell up sign water","2001-12-07 07:35:27"
"16","1535","0","Ahead kind necessary question later drive dream three of everything real week","1980-06-26 11:14:32"
"52","604","2","Wish wind change out federal argue buy cup","2017-02-10 03:50:35"
"26","1974","1","Respond job girl price war would fear southern tree","1982-02-14 10:48:31"
"84","854","5","Debate our sort matter fast study education theory yourself player until increase old police","2012-10-28 17:38:06"
"21","89","0","Man agreement big red who argue feel appear movement right eat pass try program","1993-01-06 17:03:44"
"45","1017","4","Across situation true nature to think determine baby this seek official","2000-04-03 03:49:14"
"68","578","3","Next administration whose phone brother create yard","1993-12-26 22:11:39"
"84","596","2","Say range ten energy choose little garden Mr should","2020-07-11 18:15:59"
"6","922","5","Color data attention very fast edge important type mouth daughter think series individual chair","1989-02-06 06:58:44"
"59","787","0","Life wall either street rule describe two month note heart boy doctor kitchen","1982-12-12 17:23:32"
"66","1293","1","Evidence fire face operation page lead state miss own total off training building board large","2014-04-12 01:53:37"
"61","909","4","Once ground bill so style trip various free apply administration design capital top leave instead wife","1974-12-26 00:39:18"
"44","850","3","More force country later hour should here conference staff everybody save worry dog","1999-04-04 07:02:13"
"56","129","1","Art feel employee cause word price long build attack technology ground","1994-12-11 06:37:08"
"79","1161","2","Again nice issue full office Mrs apply agency everybody too bank interesting marriage memory remember hospital","1995-06-21 15:38:29"
"40","266","5","Shake market before only choice yeah your general clear current generation stuff traditional budget","1992-10-15 06:09:29"
"37","1758","1","Us education order month total themselves interest discussion assume her all movement wall drive religious friend","2005-07-09 06:18:42"
"18","1758","3","Official candidate along speak really usually method daughter kitchen stuff build","1984-05-15 18:40:44"
"97","149","4","Trial by ahead day author value tree deep each","2002-06-15 10:05:47"
"43","375","2","Among work box growth hospital per firm oil born learn under foot","1980-02-18 22:24:44"
"51","909","0","Born police suffer any kind course candidate focus order","2003-02-01 04:32:36"
"3","612","4","For short road hear stuff skill no discussion there my believe clear action field energy","2016-09-06 22:25:09"
"30","1706","2","Tough meeting experience natural unit throughout run station speech girl form ask recently leader growth","2002-11-02 20:03:44"
"61","580","5","Book idea even camera possible rate sign beyond","1992-02-06 02:12:59"
"62","768","3","Particularly green most must five per myself possible player big theory police head fast agreement","1975-05-03 21:53:41"
"2","1781","2","Fact everything down act season program future accept alone face wind how age middle office","1995-02-12 19:03:04"
"82","1172","5","Change degree lose say spend thank among western every stuff policy war then officer these","1977-12-19 22:29:22"
"91","1872","2","Skin find beyond door what over against reduce over man direction memory","2010-01-03 17:05:34"
"50","1447","4","Though close road three large since fast include such sell maybe energy development can","2020-08-22 00:14:28"
"96","781","2","Stop difficult road apply local whose light cultural","1991-10-20 08:38:50"
"55","416","4","Last game smile thus way difficult fear age","1998-06-18 15:14:31"
"29","1411","1","Whatever possible born low also career take husband painting Congress dog describe agency game","1995-03-21 14:14:49"
"26","985","0","Employee those hair old method out structure author security","1971-02-10 18:01:07"
"25","595","0","Approach until improve left thought itself per land important travel late","2018-07-07 11:36:32"
"7","898","0","School what practice choose out base role court occur","1977-06-11 17:58:26"
"57","1440","3","Require market deal popular writer none long","1976-09-06 19:40:33"
"53","462","0","Benefit western experience huge cost president race else walk teacher","1973-06-05 20:03:40"
"79","1776","1","Everything edge base skin girl focus happen agree once cost upon particular anyone student play stop","1977-04-12 12:34:17"
"80","173","1","Agent together over lawyer value management ten want pull professional whether meeting no","1989-12-10 18:19:54"
"25","1344","4","Meeting explain value help region knowledge again minute","2006-03-12 13:16:44"
"47","716","1","Reach doctor personal my start occur finally course","2006-11-14 03:18:12"
"77","511","4","Effort issue itself speak ever production day none development book","2008-01-12 18:10:56"
"99","406","3","Why fund beautiful program Congress that recognize base above explain opportunity financial turn leg several","1983-05-14 07:08:58"
"75","1675","5","Them improve full board join official dark Mr property tend manager provide police resource","2005-02-22 02:46:32"
"80","1872","5","Majority another tree any clear worry yard model mention win action laugh","1979-09-02 10:28:40"
"17","1023","1","Discussion oil yourself structure difficult laugh professional song individual store most country fill magazine indeed","2019-08-23 15:00:55"
"29","1905","0","Simply bar score interesting purpose establish modern thousand whatever agency city hospital move hand","1996-06-15 05:29:50"
"41","181","5","Site character upon tonight south that remain show account on difference movie pattern laugh share part","1987-02-03 13:16:05"
"77","115","0","View building rule analysis so large type","1998-01-28 14:23:42"
"28","1398","2","Property wonder well particular meeting sister situation last","1992-04-11 03:42:15"
"82","807","1","Question better me paper alone make we too water evidence each weight remain thousand those","2011-11-13 10:20:29"
"10","1510","1","Write hold charge bed voice wait last maybe another","1984-04-14 03:43:45"
"88","1175","5","Maintain ok rock first between bit these low century subject notice letter","1983-03-29 16:24:37"
"52","988","3","Situation enter bit bring finally imagine over interesting somebody eight financial","1971-12-21 20:29:21"
"26","977","4","School wall real former attention contain would rise wrong budget","2019-02-11 15:49:50"
"55","481","4","Population national woman work level because civil many address argue past source","2001-11-13 10:04:20"
"83","885","1","Quality fly standard red surface arm compare Republican just item","2018-02-10 13:17:29"
"94","1389","1","Item sure blood sense pay often religious dream","1986-05-16 06:41:25"
"94","1891","0","Whom pay table little them participant card culture green answer national","1985-07-25 18:37:13"
"49","569","1","Detail agency environmental young both why up my trip same fear","2021-07-14 18:12:07"
"71","578","3","Difference doctor again great surface success institution mission others determine quickly significant","1973-10-31 12:42:42"
"48","1387","3","City already five company much laugh house tough oil thing art","1970-08-10 22:47:44"
"42","632","2","Good produce southern if somebody Congress their artist","2005-09-23 07:06:11"
"51","1145","4","Quality away idea act recognize term home opportunity bit property partner option election later debate policy","1999-05-01 19:13:42"
"11","1923","5","City of health treatment process law must price","1987-06-07 14:03:52"
"5","398","3","Health say operation within name which investment human","2012-06-30 23:10:19"
"11","1614","3","Bar stand responsibility campaign much all machine maybe song body free word none save","1998-06-05 02:45:29"
"87","1061","5","By economy hand me development teach whether car door","1996-06-23 15:08:35"
"90","1573","0","Film owner listen along lay experience or network spring performance authority board tax network but","1992-10-11 18:03:07"
"74","1891","3","Late condition drop organization trouble fire American","1991-10-10 21:10:29"
"91","1785","5","Kind stock project attack south wear quickly drop idea","2014-07-05 02:57:23"
"26","416","3","Prove sport same food already prove education","1980-09-11 07:39:47"
"27","1971","1","Throughout part thing fast cut across in film base marriage form side many today my case","2007-05-03 05:22:56"
"68","1084","0","Feeling few direction lay source policy their beat appear type special","1994-06-21 19:41:00"
"91","853","0","Reach song hotel enter shake rock smile summer would","1991-08-24 14:41:11"
"7","1876","3","Student eye present son include challenge second brother yet rise","1979-01-12 09:24:18"
"89","1014","0","Story we water woman son might simply three along but so develop","1972-12-18 14:24:06"
"59","171","3","Sing amount control certain born wall poor hold market end little know","2013-04-17 00:27:12"
"91","1079","0","Live us development year carry simple experience region subject program us full","2005-01-29 09:26:50"
"36","530","2","Bring picture standard film play piece until agreement ready figure money item","2007-04-24 06:43:18"
"80","1841","3","Traditional gun item change purpose sort service American skill save he","1972-05-11 14:45:44"
"65","781","1","Series its listen start word end source item painting note style","2022-01-11 11:54:54"
"59","903","3","Senior around live soon risk above resource surface about add market pay area probably believe identify","1986-08-26 00:42:02"
"48","1601","1","Although add live street form base later opportunity save another medical","2009-03-07 13:44:51"
"76","1826","5","Race model pressure truth song one life themselves condition save family yeah organization development","2017-09-10 23:35:21"
"90","152","0","What theory owner than project career campaign look with expect old teacher possible recently send","2011-05-20 17:51:03"
"4","1668","5","Decision finish politics talk yes figure bag former young friend remain rise probably pay take boy","1993-09-14 06:51:03"
"70","1588","1","Medical name happen play most pass quality grow else two prove political address let watch","1980-03-15 19:41:33"
"33","545","0","Fear strategy ok past kid idea race everybody environment","2010-04-08 20:43:59"
"4","742","3","Develop plan there ground order third region information article","2001-10-11 00:19:34"
"67","867","5","Everybody as black social seven possible more","2008-01-09 00:57:56"
"15","134","4","Force begin buy amount middle alone oil pattern contain fear","1998-07-23 17:23:35"
"87","27","3","Hair result cause price never media include debate rather simply","2000-09-07 07:44:19"
"56","1297","3","Here camera receive federal deal soldier scene success condition population sure grow walk despite","1984-03-25 06:24:03"
"25","490","4","Page authority receive important region instead animal society effort","2018-04-15 21:51:58"
"58","1999","1","Last quite although hundred tell green car fish wrong beautiful magazine","2000-06-02 00:15:01"
"37","555","4","Edge social class article coach shoulder carry main tree good","1997-08-06 17:58:30"
"55","501","4","Goal our stock here say argue family hand happen point yes a line person be","2016-10-25 15:49:47"
"58","789","4","Magazine although leave late cultural spring positive city hour study how material store","1982-05-22 09:50:41"
"3","1811","3","Near college fund anything television attorney blue both measure","1993-07-17 03:36:43"
"6","446","0","Local attack challenge itself anything if law exist rule","1979-12-09 12:08:51"
"29","888","5","Guess point list single hair red decide thank movie table skill evidence","1998-05-08 18:16:35"
"2","1575","5","Remember half about born however glass family town arrive simply","2005-06-22 03:13:37"
"82","1889","2","Job administration evidence south environment pattern song they exactly sea","2000-10-05 06:02:15"
"88","1005","2","Generation travel little article them positive fine dark board myself Democrat","1982-01-02 22:21:20"
"13","307","5","Certain guess save watch decade technology nearly","1989-11-25 04:01:45"
"94","545","2","Take win miss figure full raise site","1977-06-15 22:26:56"
"66","674","0","Sense fall few in need law spend gun","1995-06-14 20:12:29"
"20","1635","3","Assume power start popular cost both particularly early high discuss strategy man","2007-02-10 13:25:50"
"60","1802","5","Along huge base trip item painting upon outside customer Democrat","2016-01-28 01:30:19"
"2","1770","5","Beat have late paper attack reach article","2018-05-05 03:44:55"
"80","138","5","Control policy seven nature very art role fire","1972-09-07 12:36:02"
"84","1358","4","Thus writer cut city energy pressure rest teacher best","1986-11-03 00:20:44"
"95","421","2","Method create admit whom finally usually easy ever wear","1998-01-04 06:42:24"
"78","1296","0","Grow special argue change there indeed head environment see throw himself tonight security visit","2014-10-31 20:14:50"
"48","1804","2","When growth PM cut manage instead knowledge","2007-10-07 20:31:03"
"52","215","4","Current heavy federal bit modern whatever most consumer place number","1975-08-21 03:47:06"
"49","1702","5","Specific with worker chair develop fast health middle","1998-09-11 08:03:21"
"72","305","0","Century adult I class build order money teacher","1979-02-27 23:42:00"
"35","875","3","Dark sport fine camera place these size for education read happy","2006-09-25 00:33:51"
"51","1100","3","Son stage anything walk community drug machine four across cost easy business political","2011-11-03 16:14:37"
"98","375","0","Garden heart week their teach impact represent theory group place school nature party grow","2018-12-21 07:12:22"
"4","678","5","Current she suddenly interview early pick happy even suddenly difference play life light later campaign","1980-09-26 06:11:34"
"59","407","5","Down before pretty policy dark move contain record common may work dream","2014-06-26 14:31:28"
"79","1686","5","Us site father look rate majority one","1991-06-05 22:55:15"
"81","1570","4","Vote approach road record say effect inside finally story structure make","1988-01-15 23:10:25"
"59","64","3","Or example leave capital central front spend keep discuss relationship week lay wait young","2005-07-28 12:14:31"
"81","608","0","Away space late degree because hard power service consider hear career commercial","1993-04-03 20:02:56"
"76","87","4","See himself or finally small alone conference ground cup lay once grow can with still suggest","2019-07-17 19:56:46"
"33","1962","3","Actually market poor industry go just too worker family moment debate including short","1994-01-14 18:47:38"
"34","1227","5","Reason four laugh together degree day almost several capital worry know ability lay","2016-09-09 14:20:20"
"24","375","3","Main as sense great type rich task","1981-02-09 20:27:50"
"45","245","1","Modern avoid else floor view when kind history young","1972-04-21 21:29:07"
"83","1098","5","Standard story everybody policy so our future not system analysis street you","2020-06-03 03:30:01"
